cycle,voltage_spread_under_load,charge_time_to_full,proxy_IR_mean,proxy_IR_median,charge_time_to_95,voltage_asymmetry_under_load,active_duration,charge_time_to_80,voltage_spread_max,Cell_T_Min_std,Cell_T_Avg_std,Cell_T_Max_std,charge_time_to_50,Cell_T_Avg_max,Cell_T_Min_max,energy_efficiency,Cell_V_Max_max,Cell_V_Avg_max,Cell_V_Max_range,Cell_V_Avg_range,Cell_V_Min_range,Cell_V_Min_min,Cell_V_Max_min,Cell_T_Max_max,Cell_V_Avg_min,Cell_T_Avg_range,Cell_T_Min_range,Cell_T_Max_range,voltage_spread_mean,voltage_spread_std,soh_label
1,0.005336263204580279,6119.0,0.0011908313468898468,0.0011867088607595037,4578.0,0.23573417251185377,24802,3206.0,0.015000000000000124,1.3186756879374513,1.3676923804304624,1.3784778740896075,2030,31.0,31.0,0.9927559873943026,4.198,4.195,0.8060000000000005,0.8060000000000005,0.81,3.384,3.392,31.0,3.389,6.0,6.0,6.0,0.005257458009526207,0.002476810288443405,100.0
2,0.0054864044621252515,6067.0,0.0012591602355830752,0.0012522361359570472,4545.0,0.24133468510649964,24383,3186.0,0.015000000000000124,1.349000054088865,1.395193796821784,1.425077543650663,2020,31.0,31.0,0.9831601488350308,4.198,4.195,0.7920000000000003,0.7920000000000003,0.7949999999999999,3.399,3.406,32.0,3.403,6.0,6.0,7.0,0.004707207344134768,0.002780670457317219,100.0
3,0.005533510065446114,6021.0,0.0013035229681493783,0.001297648012976481,4512.0,0.2413701885415438,24142,3163.0,0.015000000000000124,1.3694344061125536,1.4132649948571432,1.476333637149573,2006,31.0,31.0,0.9807303604171996,4.198,4.195,0.8100000000000005,0.8100000000000005,0.8130000000000002,3.381,3.388,32.0,3.385,6.0,6.0,7.0,0.005133853927423055,0.0024740943786431798,99.0
4,0.005655456905938525,6002.0,0.0013368018460768983,0.0013333333333334035,4503.0,0.24459683903360196,23878,3164.0,0.016000000000000014,1.3852707397853725,1.452367144520123,1.4943222501233602,2014,32.0,31.0,0.9792617765356668,4.199,4.195,0.8039999999999998,0.8030000000000004,0.8069999999999999,3.387,3.395,32.0,3.392,7.0,6.0,7.0,0.005822955275512755,0.002459350645587224,99.0
5,0.005717085447868962,5956.0,0.0013694916771022753,0.001365853658536565,4466.0,0.2477383506108849,24237,3134.0,0.016000000000000014,1.3804308325127328,1.449598979582335,1.4907446788678713,1990,32.0,31.0,0.9782888219671724,4.199,4.195,0.8169999999999997,0.8160000000000003,0.8209999999999997,3.373,3.382,32.0,3.379,7.0,6.0,7.0,0.005694345857300267,0.002433904863972506,99.0
6,0.005775684640244941,5928.0,0.0013965283807844083,0.0013888888888888592,4447.0,0.24837953683630015,23516,3122.0,0.016000000000000014,1.3949860687311455,1.478190671151916,1.5148741221603546,1984,32.0,31.0,0.9772296667380402,4.199,4.195,0.8169999999999997,0.8160000000000003,0.8199999999999998,3.374,3.382,32.0,3.379,7.0,6.0,7.0,0.0052387193409474285,0.0026275238966425654,99.0
7,0.005825299646460295,5901.0,0.0014169397370965534,0.0014075067024128922,4428.0,0.24918808317068827,23194,3109.0,0.016000000000000014,1.3708215443168876,1.4586669237152114,1.4956177302846398,1975,32.0,31.0,0.9764197811475848,4.199,4.195,0.819,0.8180000000000005,0.8220000000000001,3.372,3.38,32.0,3.377,7.0,6.0,7.0,0.005595549531944461,0.0024809552375996686,98.0
8,0.0058549736864808915,5878.0,0.001437945545436892,0.0014292094685127302,4413.0,0.2506358700179461,23182,3100.0,0.016000000000000014,1.341230142374514,1.4173266693238655,1.4474419766640285,1971,32.0,32.0,0.9759331651475974,4.199,4.195,0.8159999999999998,0.8150000000000004,0.819,3.375,3.383,32.0,3.38,6.0,6.0,6.0,0.005777980743616116,0.002691228690450077,98.0
9,0.005875102534214047,5855.0,0.0014602849851117114,0.001454313771937876,4397.0,0.25099737769729813,23163,3090.0,0.016999999999999904,1.4847008663045227,1.55247030676675,1.5897327975677935,1966,32.0,32.0,0.9754709185149247,4.199,4.195,0.8180000000000001,0.8170000000000002,0.8209999999999997,3.373,3.381,32.0,3.378,7.0,7.0,7.0,0.005457550001579771,0.002599720345714963,98.0
10,0.005911812996889044,5833.0,0.0014822833555183704,0.0014763417563085262,4381.0,0.25158687678633873,23144,3079.0,0.017000000000000348,1.4901661567770028,1.5559910930490228,1.5895764056308757,1959,32.0,32.0,0.9748957202769057,4.199,4.195,0.8209999999999997,0.8200000000000003,0.8239999999999998,3.37,3.378,32.0,3.375,7.0,7.0,7.0,0.005376790513833969,0.002700924533481529,98.0
11,0.005979055779133674,5815.0,0.0015044056464898921,0.001499250374812628,4369.0,0.25334504565533666,23109,3071.0,0.017000000000000348,1.4875031822819471,1.5485873980269003,1.5815582405032633,1956,32.0,32.0,0.9745400404835487,4.199,4.195,0.823,0.8220000000000001,0.827,3.367,3.376,32.0,3.373,7.0,7.0,7.0,0.006297598329272567,0.0026428260557407263,97.0
12,0.006039377249663907,5796.0,0.0015205106257483716,0.0015137180700094623,4355.0,0.2553516755874188,23059,3063.0,0.017000000000000348,1.483483351958849,1.5476260517000042,1.5734570860226433,1951,32.0,32.0,0.9741122789501139,4.199,4.195,0.823,0.8230000000000004,0.8279999999999998,3.366,3.376,32.0,3.372,7.0,7.0,7.0,0.005661716746350914,0.0026570648697154605,97.0
13,0.006070749967164312,5788.0,0.0015382162418055814,0.0015269151138716398,4353.0,0.2558654654435466,22841,3065.0,0.017000000000000348,1.4872406542760412,1.5431596867528432,1.5709351678194114,1957,32.0,32.0,0.9734853907875013,4.199,4.195,0.823,0.8220000000000001,0.8260000000000001,3.368,3.376,32.0,3.373,7.0,7.0,7.0,0.00583809341256159,0.002581255432074027,97.0
14,0.006084757555990435,5762.0,0.0015496959268312264,0.0015427769985974927,4332.0,0.25625972770686345,22995,3049.0,0.017000000000000348,1.4953077236110088,1.5588784043602386,1.6071982198665362,1944,32.0,32.0,0.9741397679471141,4.199,4.195,0.8259999999999996,0.8250000000000002,0.8289999999999997,3.365,3.373,33.0,3.37,7.0,7.0,8.0,0.005749482605696365,0.0026587722389666076,97.0
15,0.006104072198987453,5742.0,0.001567344981513238,0.0015591778880226646,4318.0,0.2559665066855697,22715,3038.0,0.017000000000000348,1.4556320667560472,1.5192870069373534,1.5972606828270297,1938,32.0,32.0,0.9719820069587041,4.199,4.196,0.8249999999999997,0.8249999999999997,0.8279999999999998,3.366,3.374,33.0,3.371,7.0,7.0,8.0,0.006061972378914639,0.002844640110542214,96.0
16,0.0061162678587080395,5726.0,0.001584606074503507,0.0015772870662460606,4307.0,0.2567281626631356,22818,3031.0,0.017000000000000348,1.5476476613670471,1.6036180725745959,1.6685796316504824,1933,32.0,32.0,0.9726085262834493,4.199,4.196,0.8259999999999996,0.8259999999999996,0.8289999999999997,3.365,3.373,33.0,3.37,7.0,7.0,8.0,0.005573126962763619,0.002808065951270993,96.0
17,0.006201227741738869,5714.0,0.0016038419631863306,0.0015988372093023,4300.0,0.2591967030742763,22969,3028.0,0.017000000000000348,1.5288739783270253,1.5803091331950385,1.6412922544804083,1934,32.0,32.0,0.9724525309782388,4.199,4.196,0.8239999999999998,0.8239999999999998,0.827,3.367,3.375,33.0,3.372,7.0,7.0,8.0,0.006255941382605973,0.0025805393622643454,96.0
18,0.006261923618444217,5695.0,0.0016185614515660761,0.0016112789526686823,4285.0,0.26118645503762755,22728,3017.0,0.017999999999999794,1.5364093146772584,1.5818924602732602,1.6505737157481646,1926,32.0,32.0,0.9719825081151268,4.199,4.196,0.8209999999999997,0.8209999999999997,0.8239999999999998,3.37,3.378,33.0,3.375,7.0,7.0,8.0,0.005766924533752799,0.0027118346948947054,96.0
19,0.006296325772648895,5693.0,0.0016278702563718354,0.0016166281755196448,4287.0,0.2612129719985545,22617,3023.0,0.017999999999999794,1.5220398414198717,1.5763548699801564,1.6463261153103679,1935,32.0,32.0,0.9714629917362125,4.199,4.196,0.819,0.819,0.823,3.371,3.38,33.0,3.377,7.0,7.0,8.0,0.00601465425617573,0.0026511344809932967,95.0
20,0.0062889385474860365,5665.0,0.0016356332887453389,0.0016288146931722194,4265.0,0.26165671906020205,22375,3005.0,0.017000000000000348,1.4704243600539664,1.5669119995071001,1.6246162487435174,1919,33.0,32.0,0.9716322890989215,4.199,4.196,0.8259999999999996,0.8259999999999996,0.8300000000000001,3.364,3.373,33.0,3.37,7.0,6.0,7.0,0.006182531236451097,0.0028717114222375105,95.0
21,0.006263540931545521,5648.0,0.0016535283862308793,0.0016465422612513855,4252.0,0.26063367825688843,22672,2996.0,0.018000000000000238,1.5800926972332665,1.677008749741946,1.7310835503679136,1913,33.0,32.0,0.9711497450425494,4.199,4.196,0.8319999999999999,0.8319999999999999,0.8359999999999999,3.358,3.367,33.0,3.364,8.0,7.0,8.0,0.005692879197221062,0.0028662243411773157,95.0
22,0.006325903185620219,5637.0,0.0016722800455088382,0.0016632016632016648,4245.0,0.2615374451964643,22476,2992.0,0.018000000000000238,1.5870359874353737,1.6744014274732677,1.720567638267642,1912,33.0,32.0,0.970900804423391,4.199,4.196,0.8140000000000001,0.8129999999999997,0.8170000000000002,3.377,3.385,33.0,3.383,8.0,7.0,8.0,0.005815397082658049,0.002747526876066507,95.0
23,0.006398791675990155,5622.0,0.0016828167172267309,0.0016797556719022678,4235.0,0.2642495122169945,22345,2985.0,0.018000000000000238,1.5958112743505577,1.6849627413860646,1.7313961550209196,1908,33.0,32.0,0.9704533707644867,4.199,4.196,0.831,0.8309999999999995,0.835,3.359,3.368,33.0,3.365,8.0,7.0,8.0,0.006364431486880504,0.002651830361963128,94.0
24,0.006393079646810992,5609.0,0.0016964509034973247,0.0016864769538879325,4224.0,0.26372481345700144,22311,2978.0,0.018000000000000238,1.5720047976671732,1.6691189565567213,1.718708351195831,1904,33.0,32.0,0.9704888611345225,4.199,4.196,0.831,0.8309999999999995,0.8340000000000001,3.36,3.368,33.0,3.365,8.0,7.0,8.0,0.005895358319470299,0.0027992160415900645,94.0
25,0.006460437519815211,5619.0,0.0017028712338888752,0.0016928657799274234,4237.0,0.264389595035398,22079,2993.0,0.018000000000000238,1.504869973722434,1.5811374107311873,1.6354910446898292,1922,33.0,32.0,0.9699490345332563,4.199,4.196,0.8259999999999996,0.8259999999999996,0.8289999999999997,3.365,3.373,33.0,3.37,8.0,7.0,8.0,0.006278945470046217,0.0026830836657441718,94.0
26,0.006426681614349779,5591.0,0.001711291193300289,0.0017031630170316228,4215.0,0.26530866787717444,22300,2974.0,0.018000000000000238,1.4866312846344159,1.6101407609316183,1.662829167695953,1906,33.0,32.0,0.9700546179678816,4.2,4.196,0.8330000000000002,0.8319999999999999,0.8359999999999999,3.358,3.367,33.0,3.364,7.0,6.0,7.0,0.006356496304201782,0.00296381700295765,94.0
27,0.006455100655960191,5571.0,0.0017284141560341912,0.0017209128320239363,4198.0,0.26501037163010105,22105,2961.0,0.018000000000000238,1.6300647137145434,1.7270210125764276,1.7724486741439651,1895,33.0,33.0,0.969687962335804,4.2,4.196,0.8180000000000001,0.8169999999999997,0.8199999999999998,3.374,3.382,33.0,3.379,8.0,8.0,8.0,0.005588329887433947,0.003120710492312556,93.0
28,0.006503795972178028,5557.0,0.0017427666759942321,0.0017382413087934463,4189.0,0.26601438432616903,21997,2954.0,0.018000000000000238,1.6347337399944466,1.7213061532303484,1.7651767102879279,1891,33.0,33.0,0.9693477894729192,4.2,4.196,0.8330000000000002,0.8319999999999999,0.8359999999999999,3.358,3.367,33.0,3.364,8.0,8.0,8.0,0.0065113341010035,0.002700836359178228,93.0
29,0.006559994552140555,5588.0,0.0017535569386912726,0.0017441860465116353,4222.0,0.26813228398377753,22027,2991.0,0.018000000000000238,1.6048356710731007,1.696827962405934,1.7404573230920009,1930,33.0,33.0,0.9693261857731365,4.2,4.196,0.8200000000000003,0.8179999999999996,0.8220000000000001,3.372,3.38,33.0,3.378,8.0,8.0,8.0,0.005995205411973356,0.002869962572231418,93.0
30,0.006572054794520551,5536.0,0.0017619167723566546,0.0017483862337755378,4173.0,0.2678979437078837,21900,2944.0,0.018000000000000238,1.5715599497624195,1.6786283923465606,1.723097115056905,1886,33.0,32.0,0.9688546469680083,4.2,4.196,0.8380000000000001,0.8369999999999997,0.8409999999999997,3.353,3.362,33.0,3.359,8.0,7.0,8.0,0.006409727947238243,0.0027627371534248136,92.0
31,0.00659884659746252,5537.0,0.0017668565056656333,0.0017585426584034412,4179.0,0.26870138918940245,21675,2954.0,0.018000000000000238,1.5590408698671239,1.6508923293624864,1.6934929812135782,1898,33.0,33.0,0.9687321148238285,4.2,4.196,0.827,0.8259999999999996,0.8310000000000004,3.364,3.373,33.0,3.37,7.0,7.0,7.0,0.006442420800713945,0.0030006253916660514,92.0
32,0.006539507067778182,5512.0,0.001785125480604901,0.0017770238895797987,4157.0,0.26774672969986285,22072,2935.0,0.019000000000000128,1.6967953675194818,1.779707363941911,1.8257901650127815,1881,33.0,33.0,0.9687929725272049,4.2,4.196,0.8360000000000003,0.8349999999999995,0.8400000000000003,3.355,3.364,33.0,3.361,8.0,8.0,8.0,0.005604206438022636,0.0032976033851293295,92.0
33,0.006643387610129624,5503.0,0.0017949889853379711,0.0017910447761194047,4152.0,0.2694742810046715,21679,2933.0,0.019000000000000128,1.6814756838758231,1.7584212354015083,1.8032416576064607,1881,33.0,33.0,0.9683025571791106,4.2,4.196,0.8370000000000002,0.8369999999999997,0.8410000000000002,3.354,3.363,33.0,3.359,8.0,8.0,8.0,0.006557747132533291,0.0027330020166555333,92.0
34,0.006661354218842501,5502.0,0.001808265509368329,0.0017977528089887656,4154.0,0.27070196571733807,21961,2936.0,0.019000000000000128,1.6461452275270623,1.7307599593572225,1.7694579511309847,1887,33.0,33.0,0.9682480150604607,4.2,4.196,0.831,0.8299999999999996,0.8350000000000004,3.36,3.369,33.0,3.366,8.0,8.0,8.0,0.006177567317845891,0.002900733111229875,92.0
35,0.006712022670259221,5479.0,0.00181529525375013,0.0018002571795970963,4133.0,0.270966696359496,21526,2918.0,0.018000000000000238,1.627165802577497,1.7130501847811033,1.7571741210854923,1871,33.0,33.0,0.9676296261562841,4.2,4.196,0.8410000000000002,0.8399999999999999,0.8450000000000002,3.35,3.359,33.0,3.356,8.0,8.0,8.0,0.00642381429525726,0.0028245702459662797,91.0
36,0.006714798582618428,5469.0,0.0018192024737316698,0.001810436634717775,4128.0,0.2722204930301211,21448,2916.0,0.019000000000000128,1.598895435436531,1.6839359915105603,1.7253166389538697,1872,33.0,33.0,0.9678421420181018,4.2,4.196,0.8360000000000003,0.8359999999999999,0.8400000000000003,3.355,3.364,34.0,3.36,7.0,7.0,8.0,0.006588430361090679,0.0030581410599932646,91.0
37,0.006673500414631904,5496.0,0.0018354474563348983,0.0018274853801169527,4158.0,0.27040473869718756,21706,2949.0,0.019000000000000128,1.7221510900870123,1.7968004023299344,1.8380007792979736,1907,33.0,33.0,0.9677710988598707,4.2,4.196,0.8400000000000003,0.8389999999999995,0.8430000000000004,3.352,3.36,33.0,3.357,8.0,8.0,8.0,0.005737677582871998,0.003268221277960344,91.0
38,0.006720738088680807,5502.0,0.0018478277387220603,0.0018440905280804525,4167.0,0.27220681591527957,21786,2960.0,0.019000000000000128,1.6833284687903167,1.7649877597127646,1.8087419916539518,1920,33.0,33.0,0.967657171766514,4.2,4.196,0.8410000000000002,0.8399999999999999,0.8450000000000002,3.35,3.359,33.0,3.356,8.0,8.0,8.0,0.006703396851698468,0.0027766776462840605,91.0
39,0.006839951072638318,5434.0,0.001855554855290063,0.001844262295081946,4102.0,0.27502454529717524,21256,2898.0,0.019000000000000128,1.7011232199361639,1.7780517695962739,1.8445613956285474,1860,33.0,33.0,0.9670238776318998,4.2,4.196,0.8420000000000001,0.8409999999999997,0.8460000000000001,3.349,3.358,34.0,3.355,8.0,8.0,9.0,0.006118391460508236,0.0030455100051154913,90.0
40,0.006798011536838162,5432.0,0.0018607654886137845,0.0018470612632224943,4101.0,0.27324697329254666,21323,2899.0,0.019000000000000128,1.6064184896678757,1.697496283034933,1.741603048724646,1863,33.0,33.0,0.9665678015299957,4.2,4.196,0.8330000000000002,0.8319999999999999,0.8370000000000002,3.358,3.367,33.0,3.364,8.0,8.0,8.0,0.006683518262453173,0.002835275840596223,90.0
41,0.00675958316118074,5412.0,0.0018710277581263216,0.0018604651162790714,4086.0,0.27377922521957676,21783,2887.0,0.019000000000000128,1.6187502193292338,1.7073602936141954,1.775367825051264,1853,33.0,33.0,0.9673290969150111,4.2,4.196,0.8440000000000003,0.8429999999999995,0.8500000000000001,3.345,3.356,34.0,3.353,7.0,7.0,8.0,0.006707218331241679,0.0031275374894971257,90.0
42,0.006824290132133822,5405.0,0.0018838418296152064,0.001874999999999992,4082.0,0.2741846483003816,21342,2885.0,0.019000000000000128,1.7426387645883736,1.821338099364507,1.9008477181607322,1854,33.0,33.0,0.9667472876657855,4.2,4.196,0.8450000000000002,0.8439999999999999,0.8500000000000001,3.345,3.355,34.0,3.352,8.0,8.0,9.0,0.006042356902356933,0.003215527955754192,90.0
43,0.006902779099647857,5395.0,0.0018924963814623448,0.0018904320987654466,4075.0,0.27597753796156205,21014,2881.0,0.019000000000000128,1.7283671150871764,1.8040368857707358,1.8841733359555124,1851,33.0,33.0,0.9663183634634387,4.2,4.196,0.8420000000000001,0.8409999999999997,0.8460000000000001,3.349,3.358,34.0,3.355,8.0,8.0,9.0,0.0067948752849900035,0.00285646170495467,89.0
44,0.006906864599092288,5389.0,0.0019014492379081777,0.0018862690707350796,4071.0,0.27697579073011813,21152,2879.0,0.019000000000000128,1.7140103539205807,1.7878940646345955,1.8655243056821766,1852,33.0,33.0,0.9664775185136996,4.2,4.196,0.8440000000000003,0.8429999999999995,0.8480000000000003,3.347,3.356,34.0,3.353,8.0,8.0,9.0,0.006238647082603438,0.0030264266591530985,89.0
45,0.006890486777993285,5374.0,0.0019037439880529282,0.001893783449979408,4060.0,0.2761650223248511,21139,2871.0,0.019000000000000128,1.7640792747080545,1.8508546040076999,1.9229162020965078,1845,34.0,33.0,0.9670649247176805,4.2,4.196,0.8380000000000001,0.8369999999999997,0.8420000000000001,3.353,3.362,34.0,3.359,9.0,8.0,9.0,0.006339735935314349,0.0029726954446570872,89.0
46,0.006888419353307066,5365.0,0.0019163029718093653,0.0019076561740061972,4054.0,0.2752857041622354,21061,2867.0,0.020000000000000018,1.7332341585988045,1.812567635992709,1.8704569866974758,1844,34.0,33.0,0.9649596614327994,4.2,4.196,0.8370000000000002,0.8359999999999999,0.8410000000000002,3.354,3.363,34.0,3.36,9.0,8.0,9.0,0.006800852415176351,0.0031650965986528188,88.0
47,0.006894776399849686,5383.0,0.0019273783791198254,0.0019230769230769553,4074.0,0.2764497612522317,21288,2890.0,0.020000000000000018,1.7433830080808095,1.8344079493114815,1.9027836666755282,1868,34.0,33.0,0.9659595031186516,4.2,4.196,0.831,0.8299999999999996,0.8360000000000003,3.359,3.369,34.0,3.366,9.0,8.0,9.0,0.006643987555795999,0.0028423088798149136,88.0
48,0.006936982220981105,5354.0,0.0019402578345808518,0.0019316493313521386,4047.0,0.2786474607329539,21486,2865.0,0.019000000000000128,1.724919007246294,1.7979035261808562,1.8848236293680547,1845,33.0,33.0,0.9660041288902457,4.2,4.196,0.8370000000000002,0.8349999999999995,0.8410000000000002,3.354,3.363,34.0,3.361,8.0,8.0,9.0,0.006309645180763324,0.0030052051231793594,88.0
49,0.006964382006527605,5340.0,0.0019416331054620854,0.0019271948608137093,4035.0,0.2780943770137923,21141,2854.0,0.019000000000000128,1.6870322169620664,1.774336431885827,1.842579484299821,1836,33.0,33.0,0.9656008682216728,4.2,4.196,0.8480000000000003,0.8469999999999995,0.8520000000000003,3.343,3.352,34.0,3.349,8.0,8.0,9.0,0.0068942940497998895,0.002910034788734623,88.0
50,0.006986068702290075,5326.0,0.00194403637755021,0.00193587416817907,4026.0,0.27859456961479684,20960,2848.0,0.019000000000000128,1.6774012461035341,1.7804031130957527,1.823253402245686,1832,34.0,33.0,0.9652988468905008,4.2,4.196,0.847,0.8469999999999995,0.8530000000000002,3.342,3.353,34.0,3.349,8.0,7.0,8.0,0.0069236186803052,0.003236317356322454,87.0
51,0.006990173739675308,5512.0,0.0019621348996871576,0.001952085181898868,4214.0,0.27769128316333574,21066,3038.0,0.019000000000000128,1.7760926517923061,1.8845973898656876,1.9483549731233558,2024,34.0,33.0,0.9653895981004181,4.2,4.196,0.847,0.8459999999999996,0.8510000000000004,3.344,3.353,34.0,3.35,9.0,8.0,9.0,0.006100407747196766,0.0032267479997659465,87.0
52,0.007061966321614276,5310.0,0.0019713585449909455,0.0019691391774182025,4015.0,0.2793265384494594,20963,2841.0,0.020000000000000018,1.7520337767036553,1.857060889078895,1.9192983079818962,1829,34.0,33.0,0.9648894637919966,4.2,4.196,0.8490000000000002,0.8489999999999998,0.8550000000000004,3.34,3.351,34.0,3.347,9.0,8.0,9.0,0.006946900241982244,0.0029366095694704063,87.0
53,0.0071025,5303.0,0.0019803555794532086,0.0019626168224299184,4010.0,0.28043853493530985,20800,2838.0,0.020000000000000018,1.734109374246846,1.8322639729147803,1.895609665453739,1828,34.0,33.0,0.9650798536459867,4.2,4.196,0.8500000000000001,0.8489999999999998,0.8560000000000003,3.339,3.35,34.0,3.347,9.0,8.0,9.0,0.006662298559551084,0.0030364562583795303,87.0
54,0.007077972145920687,5293.0,0.0019766427375460076,0.0019668100799016615,4003.0,0.2804145517813191,20751,2834.0,0.020000000000000018,1.6701952213408495,1.7652629762396008,1.805517829361469,1825,34.0,33.0,0.9647317985670867,4.2,4.196,0.847,0.8459999999999996,0.8510000000000004,3.344,3.353,34.0,3.35,8.0,7.0,8.0,0.006896123050990334,0.0032090195219857823,86.0
55,0.0070619214350808234,5285.0,0.0019919629999314444,0.0019817073170731556,3997.0,0.2788977020292563,20849,2831.0,0.020000000000000018,1.8126584019723953,1.9323924898956126,1.991178305246735,1824,34.0,33.0,0.9646382261987576,4.2,4.196,0.847,0.8469999999999995,0.8520000000000003,3.343,3.353,34.0,3.349,9.0,8.0,9.0,0.006250419420002056,0.0032295691935754402,86.0
56,0.007098409352242239,5282.0,0.0020046213986707117,0.0019990066664594655,3997.0,0.2803146480244393,20872,2832.0,0.020000000000000018,1.769819245261996,1.8849160500779838,1.9408945795579615,1827,34.0,33.0,0.9645118450191784,4.2,4.196,0.8480000000000003,0.8469999999999995,0.8520000000000003,3.343,3.352,34.0,3.349,9.0,8.0,9.0,0.006936029814004414,0.0028972967090233727,86.0
57,0.0071811960003883134,5267.0,0.0020106163658394445,0.0019947157536159017,3984.0,0.2833801438026025,20602,2822.0,0.019999999999999574,1.7763558586981996,1.8905174027558342,1.9458436685500409,1818,34.0,33.0,0.964395027569767,4.2,4.197,0.8500000000000001,0.8500000000000001,0.8550000000000004,3.34,3.35,34.0,3.347,9.0,8.0,9.0,0.00646387937891207,0.0031729085533644097,86.0
58,0.007118109097918273,5259.0,0.0020134246808208153,0.002000000000000002,3979.0,0.2819102119513468,20752,2818.0,0.020000000000000018,1.7791689437833142,1.8966958862051646,1.9458491225571861,1817,34.0,33.0,0.9654160691010988,4.2,4.197,0.8520000000000003,0.8519999999999999,0.8570000000000002,3.338,3.348,34.0,3.345,9.0,8.0,9.0,0.0066076728709206466,0.0030947468013804856,85.0
59,0.0071276720351391,5251.0,0.002020453067751004,0.0020118733509234955,3973.0,0.28120906607860935,20490,2815.0,0.020000000000000018,1.7682946829229944,1.8818929328249647,1.9201124569205121,1815,34.0,33.0,0.962879203769974,4.2,4.197,0.847,0.847,0.8520000000000003,3.343,3.353,34.0,3.35,9.0,8.0,9.0,0.007002911706774019,0.0032691344357585173,85.0
60,0.00716493950932665,5242.0,0.0020349878011549317,0.0020294266869609356,3967.0,0.2817554382791693,20747,2811.0,0.020000000000000018,1.7805055111823072,1.9044455600867032,1.9564033399073137,1813,34.0,33.0,0.9642535339126775,4.2,4.197,0.8480000000000003,0.8490000000000002,0.8530000000000002,3.342,3.352,34.0,3.348,9.0,8.0,9.0,0.006926831781800735,0.002937991470694562,85.0
61,0.0072290065194122784,5234.0,0.002042499126691265,0.002027027027027022,3961.0,0.28438508587683603,20554,2806.0,0.019000000000000128,1.7839228401980565,1.9046025929158907,1.9584783790072973,1810,34.0,33.0,0.96388476349003,4.2,4.197,0.8500000000000001,0.8500000000000001,0.8550000000000004,3.34,3.35,34.0,3.347,9.0,8.0,9.0,0.006504795872433264,0.00320715618858095,85.0
62,0.0071836308946244916,5229.0,0.0020412987362328017,0.0020291785477789754,3959.0,0.28334922263339657,20612,2806.0,0.020000000000000018,1.792091874592632,1.9113799443398831,1.9564224749090642,1811,34.0,33.0,0.9649540668439776,4.2,4.197,0.843,0.843,0.8470000000000004,3.348,3.357,34.0,3.354,9.0,8.0,9.0,0.00666273475642349,0.0031041122233279946,84.0
63,0.007189099271001519,5217.0,0.002051641234223263,0.0020426287744227866,3949.0,0.2826156431300466,20439,2799.0,0.020000000000000018,1.7738941258415915,1.8908422271417924,1.925494511333991,1806,34.0,33.0,0.9625435990901215,4.2,4.197,0.8530000000000002,0.8540000000000001,0.8580000000000001,3.337,3.347,34.0,3.343,9.0,8.0,9.0,0.007068056985925176,0.003304726597801041,84.0
64,0.007244063838069289,5211.0,0.002066665360928847,0.0020614035087719172,3945.0,0.28361968896259815,20552,2797.0,0.020000000000000018,1.8074699471700073,1.9371098818697323,1.9856122304396193,1805,34.0,33.0,0.9635694809730189,4.2,4.197,0.8490000000000002,0.8490000000000002,0.8530000000000002,3.342,3.351,34.0,3.348,9.0,8.0,9.0,0.007184698126301194,0.002981133434377511,84.0
65,0.007269210258399186,5208.0,0.002073698646177048,0.0020569620253164398,3944.0,0.28494536431567463,20627,2797.0,0.020000000000000018,1.7815220839697867,1.9044116931359643,1.9563904217374766,1808,34.0,33.0,0.963258392278192,4.2,4.197,0.8400000000000003,0.8399999999999999,0.8440000000000003,3.351,3.36,34.0,3.357,9.0,8.0,9.0,0.0065436051531793,0.003220262319021955,84.0
66,0.007262032870279793,5235.0,0.0020687511537684604,0.002057142857142834,3974.0,0.28592298239473307,20444,2830.0,0.020000000000000018,1.8328128744832888,1.9492275225755806,1.9912098812087822,1842,34.0,34.0,0.9645322571975786,4.201,4.197,0.8539999999999996,0.8530000000000002,0.8570000000000002,3.338,3.347,34.0,3.344,9.0,9.0,9.0,0.0067506741413567856,0.0031115313624491352,83.0
67,0.00724407943123315,5187.0,0.0020806129917999585,0.0020719738276990082,3929.0,0.28356168328454245,20395,2786.0,0.020000000000000018,1.802019872132377,1.8943975469163483,1.9210174016738524,1800,34.0,34.0,0.9619886490092147,4.201,4.197,0.8559999999999994,0.855,0.8600000000000003,3.335,3.345,34.0,3.342,9.0,9.0,9.0,0.007094054937024469,0.003309509405316937,83.0
68,0.007297117733268204,5178.0,0.0020925340252881844,0.002087912087912102,3922.0,0.2848909924391496,20470,2781.0,0.020999999999999908,1.837683511055605,1.9463846823910989,1.9943783348950628,1796,34.0,34.0,0.9629182599061359,4.201,4.197,0.8569999999999998,0.8559999999999999,0.8610000000000002,3.334,3.344,34.0,3.341,9.0,9.0,9.0,0.007174207908739906,0.003008135322758349,83.0
69,0.007352459016393439,5172.0,0.002103603351034314,0.002083333333333335,3918.0,0.28742106045163457,20374,2779.0,0.020000000000000018,1.8009111491936611,1.9277393542072703,1.9744601261554442,1796,34.0,33.0,0.9626650942965177,4.201,4.197,0.8469999999999995,0.8460000000000001,0.8510000000000004,3.344,3.354,34.0,3.351,9.0,8.0,9.0,0.006606727082607191,0.003266119910625464,83.0
70,0.007320163554854918,5167.0,0.002097422266966468,0.0020852221214868257,3916.0,0.28817404967155347,20299,2779.0,0.020000000000000018,1.894897745090422,1.9925514082274807,2.0284420946034025,1797,34.0,34.0,0.9640135107798881,4.201,4.197,0.8479999999999994,0.847,0.8510000000000004,3.344,3.353,34.0,3.35,9.0,9.0,9.0,0.006735560170356534,0.0030937293506816525,82.0
71,0.007300898865366667,5212.0,0.0021102219780074435,0.0021008403361344463,3962.0,0.2844904345743893,20359,2827.0,0.02100000000000035,1.8182386770621939,1.8963847507688412,1.920740660999735,1847,34.0,34.0,0.9615880672212297,4.201,4.197,0.8559999999999994,0.855,0.8590000000000004,3.336,3.345,34.0,3.342,9.0,9.0,9.0,0.007167269595176585,0.003342019205902959,82.0
72,0.007355562083822953,5146.0,0.0021248745165710226,0.00211813234886671,3899.0,0.2864809688930662,20424,2766.0,0.02100000000000035,1.8520148967012182,1.9531954790777744,1.9970236114381095,1787,34.0,34.0,0.9624146216207093,4.201,4.197,0.8589999999999995,0.859,0.8630000000000004,3.332,3.342,34.0,3.338,9.0,9.0,9.0,0.007357038327526144,0.0030389941271992036,82.0
73,0.0074262076459547565,5143.0,0.002131097825328092,0.002112676056337952,3897.0,0.2897129233651093,20246,2766.0,0.020999999999999908,1.847155148229877,1.9499098981853482,1.9917010986206871,1789,34.0,34.0,0.9623065665557559,4.201,4.197,0.8389999999999995,0.8380000000000001,0.8430000000000004,3.352,3.362,34.0,3.359,9.0,9.0,9.0,0.006641659373359012,0.00327880614939291,82.0
74,0.00738712087255342,5131.0,0.0021222933327509283,0.0021137618810590404,3888.0,0.2888305519436044,20079,2759.0,0.020999999999999908,1.9369771645668514,2.0268022826134087,2.0609654282770022,1784,34.0,34.0,0.9633855211383718,4.201,4.197,0.8579999999999997,0.8570000000000002,0.8620000000000001,3.333,3.343,34.0,3.34,9.0,9.0,9.0,0.006777021097342782,0.0031863834612719266,81.0
75,0.007370602265951105,5123.0,0.0021372567625635047,0.0021279877144395627,3883.0,0.2860630721880515,20124,2755.0,0.020999999999999908,1.8605889284170618,1.920358629552319,1.9485787863377027,1781,34.0,34.0,0.9609269472340274,4.201,4.197,0.8589999999999995,0.8580000000000001,0.8630000000000004,3.332,3.342,34.0,3.339,9.0,9.0,9.0,0.007224269682546631,0.0033765745132381822,81.0
76,0.007428592636579573,5121.0,0.0021513752680169178,0.002146797117343384,3882.0,0.28847687538844435,20208,2756.0,0.02100000000000035,1.8858345410995145,1.978163784619896,2.016959419897899,1784,34.0,34.0,0.9620627714514733,4.201,4.197,0.8389999999999995,0.8380000000000001,0.8430000000000004,3.352,3.362,34.0,3.359,9.0,9.0,9.0,0.007282885034061348,0.0030302399300196656,81.0
77,0.0074873768934659805,5110.0,0.002157514085670244,0.0021381578947368258,3873.0,0.29112646977281986,20003,2749.0,0.02100000000000035,1.8940635474839413,1.9856383963553852,2.020267964173716,1779,34.0,34.0,0.9617247430006474,4.201,4.197,0.8599999999999994,0.859,0.8640000000000003,3.331,3.341,34.0,3.338,9.0,9.0,9.0,0.00666165096329631,0.0033063889908577374,81.0
78,0.007457384806973848,5102.0,0.002151168968719459,0.0021395348837209426,3867.0,0.28931759322403716,20075,2745.0,0.020999999999999908,1.7834647616674,1.8192359376037675,1.8385813587425703,1776,34.0,34.0,0.9616223038716316,4.201,4.197,0.8589999999999995,0.859,0.8630000000000004,3.332,3.342,34.0,3.338,8.0,8.0,8.0,0.007338487747346358,0.003398078618506356,80.0
79,0.00746185121975705,5106.0,0.0021678643859938656,0.0021582733812950134,3874.0,0.2895809326351053,19922,2753.0,0.02100000000000035,1.9620216338339054,2.0538349471170854,2.105092130353128,1786,34.0,34.0,0.9614075385636747,4.201,4.197,0.8449999999999998,0.8439999999999999,0.8490000000000002,3.346,3.356,35.0,3.353,9.0,9.0,10.0,0.006475563442768422,0.003455509728887528,80.0
