cycle,Current_min,Current_max,Current_mean,Current_std,Current_range,Current_discharge_end,Current_charge_start,Cell_V_Max_min,Cell_V_Max_max,Cell_V_Max_mean,Cell_V_Max_std,Cell_V_Max_range,Cell_V_Max_discharge_end,Cell_V_Max_charge_start,Cell_V_Min_min,Cell_V_Min_max,Cell_V_Min_mean,Cell_V_Min_std,Cell_V_Min_range,Cell_V_Min_discharge_end,Cell_V_Min_charge_start,Cell_V_Avg_min,Cell_V_Avg_max,Cell_V_Avg_mean,Cell_V_Avg_std,Cell_V_Avg_range,Cell_V_Avg_discharge_end,Cell_V_Avg_charge_start,Cell_T_Max_min,Cell_T_Max_max,Cell_T_Max_mean,Cell_T_Max_std,Cell_T_Max_range,Cell_T_Max_discharge_end,Cell_T_Max_charge_start,Cell_T_Min_min,Cell_T_Min_max,Cell_T_Min_mean,Cell_T_Min_std,Cell_T_Min_range,Cell_T_Min_discharge_end,Cell_T_Min_charge_start,Cell_T_Avg_min,Cell_T_Avg_max,Cell_T_Avg_mean,Cell_T_Avg_std,Cell_T_Avg_range,Cell_T_Avg_discharge_end,Cell_T_Avg_charge_start,SOC_min,SOC_max,SOC_mean,SOC_std,SOC_range,SOC_discharge_end,SOC_charge_start,voltage_spread_mean,voltage_spread_max,voltage_spread_std,voltage_asymmetry_mean,voltage_spread_under_load,voltage_asymmetry_under_load,thermal_spread_mean,thermal_spread_max,thermal_spread_std,thermal_spread_under_load,proxy_IR_mean,proxy_IR_median,proxy_IR_std,energy_efficiency,charge_time_to_50,charge_time_to_80,charge_time_to_95,charge_time_to_full,discharge_duration,soc_range,thermal_response_ratio,soh_label,cycle_duration,active_duration,rest_duration
1,-53.0,53.0,-0.13524370590552603,24.532995517213465,106.0,-35.05,-35.05,3.392,4.198,3.8139728539197075,0.23844643314568756,0.8060000000000005,3.415,3.416,3.384,4.194,3.808715395910182,0.2395744972573382,0.81,3.409,3.409,3.389,4.195,3.811025176377896,0.23883236743586816,0.8060000000000005,3.412,3.413,25.0,31.0,26.939655481144577,1.3784778740896075,6.0,27.0,27.0,25.0,31.0,26.62224689324213,1.3186756879374513,6.0,27.0,27.0,25.0,31.0,26.834401747663218,1.3676923804304624,6.0,27.0,27.0,10.0,100.1,59.608315725387676,28.73279546796823,90.1,10.0,10.0,0.005257458009526207,0.015000000000000124,0.002476810288443405,0.23598043917447295,0.005336263204580279,0.23573417251185377,0.317408587902446,1.0,0.46546791106178437,0.3287234900411257,0.0011908313468898468,0.0011867088607595037,9.96557093355937e-05,0.9927559873943026,2030,3206.0,4578.0,6119.0,19805,90.1,5.2237527084429794e-06,100.0,27923,24802,3121
2,-53.0,53.0,-0.05426938626622523,22.43931107925431,106.0,-17.02,-17.02,3.406,4.198,3.8531465483174756,0.23608217870608111,0.7920000000000003,3.443,3.443,3.399,4.194,3.848439340973341,0.23762340961730852,0.7949999999999999,3.438,3.437,3.403,4.195,3.850526765358543,0.23675298931984617,0.7920000000000003,3.441,3.44,25.0,32.0,26.765419339149467,1.425077543650663,7.0,27.0,27.0,25.0,31.0,26.51378545156093,1.349000054088865,6.0,27.0,27.0,25.0,31.0,26.69051889230021,1.395193796821784,6.0,27.0,27.0,10.0,100.1,64.21794388546067,28.32330839419528,90.1,10.0,10.0,0.004707207344134768,0.015000000000000124,0.002780670457317219,0.21066700074943184,0.0054864044621252515,0.24133468510649964,0.2516338875885339,1.0,0.4339519261457598,0.30349013657056145,0.0012591602355830752,0.0012522361359570472,9.12449955353099e-05,0.9831601488350308,2020,3186.0,4545.0,6067.0,24760,90.1,0.0006318320235109248,100.0,32897,24383,8514
3,-53.0,53.0,-0.042173939672332024,22.403359925825193,106.0,-46.57,-46.57,3.388,4.198,3.832812310519063,0.22179588243138718,0.8100000000000005,3.397,3.396,3.381,4.194,3.8276784565916397,0.2230026811460396,0.8130000000000002,3.389,3.389,3.385,4.195,3.8299753789618745,0.2222135597850426,0.8100000000000005,3.394,3.393,25.0,32.0,26.7913642627469,1.476333637149573,7.0,27.0,27.0,25.0,31.0,26.56781503598224,1.3694344061125536,6.0,27.0,27.0,25.0,31.0,26.71370387383249,1.4132649948571432,6.0,27.0,27.0,10.0,100.1,62.46277446026642,26.89086917817983,90.1,10.0,10.0,0.005133853927423055,0.015000000000000124,0.0024740943786431798,0.2266154254947864,0.005533510065446114,0.2413701885415438,0.22354922676466085,1.0,0.41662329504911644,0.27259547676248863,0.0013035229681493783,0.001297648012976481,8.898055864607128e-05,0.9807303604171996,2006,3163.0,4512.0,6021.0,24669,90.1,0.0003223460846272225,99.0,32655,24142,8513
4,-53.0,53.0,-0.03670496664195658,22.486770009903875,106.0,-20.7,-9.67,3.395,4.199,3.8050304546577713,0.21784881682478865,0.8039999999999998,3.436,3.452,3.387,4.194,3.7992074993822587,0.21890292325105234,0.8069999999999999,3.43,3.446,3.392,4.195,3.8018037126266373,0.21819343783807107,0.8030000000000004,3.433,3.448,25.0,32.0,26.85492340004942,1.4943222501233602,7.0,27.0,27.0,25.0,31.0,26.605046948356808,1.3852707397853725,6.0,27.0,27.0,25.0,32.0,26.776377563627378,1.452367144520123,7.0,27.0,27.0,10.0,100.1,59.92529342723004,26.175043555882553,90.1,10.0,10.0,0.005822955275512755,0.016000000000000014,0.002459350645587224,0.2530390190985097,0.005655456905938525,0.24459683903360196,0.2498764516926118,1.0,0.4329413477390692,0.2997319708518301,0.0013368018460768983,0.0013333333333334035,8.888969124682816e-05,0.9792617765356668,2014,3164.0,4503.0,6002.0,24431,90.1,0.0005190119771510983,99.0,32376,23878,8498
5,-53.0,53.0,-0.031628013707012924,22.270771648423448,106.0,-53.0,-53.0,3.382,4.199,3.789522396279525,0.22657529038734242,0.8169999999999997,3.383,3.383,3.373,4.194,3.783828050422225,0.2276780966160836,0.8209999999999997,3.375,3.375,3.379,4.195,3.7864007465426512,0.22688331139870765,0.8160000000000003,3.38,3.38,25.0,32.0,26.883092644719127,1.4907446788678713,7.0,27.0,27.0,25.0,31.0,26.641965487700404,1.3804308325127328,6.0,27.0,27.0,25.0,32.0,26.822573736384776,1.449598979582335,7.0,27.0,27.0,10.0,100.1,57.71213131807612,26.753521083061763,90.1,10.0,10.0,0.005694345857300267,0.016000000000000014,0.002433904863972506,0.24496130404780825,0.005717085447868962,0.2477383506108849,0.24112715701872475,1.0,0.4277672862279115,0.28510129141395385,0.0013694916771022753,0.001365853658536565,9.25019611744764e-05,0.9782888219671724,1990,3134.0,4466.0,5956.0,24620,90.1,-0.0001859514506962436,99.0,32684,24237,8447
6,-53.0,53.0,-0.029408350496162167,22.473913419715693,106.0,-23.04,-23.04,3.382,4.199,3.779044623353929,0.22969723635491254,0.8169999999999997,3.427,3.427,3.374,4.194,3.7738059040129817,0.23039582894006044,0.8199999999999998,3.42,3.421,3.379,4.195,3.7762458029083192,0.22974736122742703,0.8160000000000003,3.423,3.424,25.0,32.0,26.933096174249517,1.5148741221603546,7.0,27.0,27.0,25.0,31.0,26.732509517568495,1.3949860687311455,6.0,27.0,27.0,25.0,32.0,26.87262060787618,1.478190671151916,7.0,27.0,27.0,10.0,100.1,55.376671035386636,27.589368191362976,90.1,10.0,10.0,0.0052387193409474285,0.016000000000000014,0.0026275238966425654,0.2205255744737131,0.005775684640244941,0.24837953683630015,0.20058665668102102,1.0,0.40043932104945845,0.22912059874128254,0.0013965283807844083,0.0013888888888888592,9.186182787903618e-05,0.9772296667380402,1984,3122.0,4447.0,5928.0,24165,90.1,-0.0004541273920816056,99.0,32046,23516,8530
7,-53.0,53.0,-0.027233586535127148,22.514981641560073,106.0,-53.0,-33.06,3.38,4.199,3.7673131087086715,0.24000915222842079,0.819,3.38,3.41,3.372,4.194,3.7617175591767262,0.24086815760780855,0.8220000000000001,3.372,3.403,3.377,4.195,3.764053046301258,0.24038366058176566,0.8180000000000005,3.377,3.407,25.0,32.0,26.96643237620954,1.4956177302846398,7.0,26.0,26.0,25.0,31.0,26.814889526271,1.3708215443168876,6.0,26.0,26.0,25.0,32.0,26.91209380023324,1.4586669237152114,7.0,26.0,26.0,10.0,100.1,52.925385318498435,29.868802874409425,90.1,10.0,10.0,0.005595549531944461,0.016000000000000014,0.0024809552375996686,0.26191856898472804,0.005825299646460295,0.24918808317068827,0.15154284993853814,1.0,0.3585772086609017,0.17366560317323446,0.0014169397370965534,0.0014075067024128922,9.530956831565185e-05,0.9764197811475848,1975,3109.0,4428.0,5901.0,23907,90.1,-0.0003627325688162969,98.0,31727,23194,8533
8,-53.0,53.0,-0.030691098679452623,24.658967442805583,106.0,-33.49,-33.49,3.383,4.199,3.8146401035125774,0.2390475194132233,0.8159999999999998,3.413,3.413,3.375,4.194,3.8088621227689616,0.24023747871628884,0.819,3.407,3.406,3.38,4.195,3.8113979525821056,0.2394372798211283,0.8150000000000004,3.411,3.41,26.0,32.0,27.405107127906533,1.4474419766640285,6.0,27.0,27.0,26.0,32.0,27.23903033070746,1.341230142374514,6.0,27.0,27.0,26.0,32.0,27.345206834874606,1.4173266693238655,6.0,27.0,27.0,10.0,100.1,59.671427484111575,28.64622751945199,90.1,10.0,10.0,0.005777980743616116,0.016000000000000014,0.002691228690450077,0.2544284779883652,0.0058549736864808915,0.2506358700179461,0.16607679719907142,1.0,0.3721495594934514,0.17043395738072642,0.001437945545436892,0.0014292094685127302,9.173113858553776e-05,0.9759331651475974,1971,3100.0,4413.0,5878.0,18468,90.1,-0.00044002035556341167,98.0,26277,23182,3095
9,-53.0,53.0,-0.02465986287086454,22.423539535175603,106.0,-30.57,-30.57,3.381,4.199,3.8751831021517273,0.25551966639039214,0.8180000000000001,3.416,3.416,3.373,4.194,3.8697255521501464,0.25685966288019124,0.8209999999999997,3.409,3.409,3.378,4.195,3.8719969035356567,0.25589576054207364,0.8170000000000002,3.413,3.413,25.0,32.0,27.001295459572184,1.5897327975677935,7.0,27.0,27.0,25.0,32.0,26.864166324370437,1.4847008663045227,7.0,27.0,27.0,25.0,32.0,26.965938892224084,1.55247030676675,7.0,27.0,27.0,10.0,100.1,66.17196435906348,29.776144417809945,90.1,10.0,10.0,0.005457550001579771,0.016999999999999904,0.002599720345714963,0.2565410196431377,0.005875102534214047,0.25099737769729813,0.13712913520174413,1.0,0.34398362676233,0.16660190821568882,0.0014602849851117114,0.001454313771937876,8.995526457177633e-05,0.9754709185149247,1966,3090.0,4397.0,5855.0,23860,90.1,-0.0005953352516195732,98.0,31649,23163,8486
10,-53.0,53.0,-0.022786719367588158,22.389570928145275,106.0,-47.56,-46.57,3.378,4.199,3.8370258023715422,0.22381879987198317,0.8209999999999997,3.387,3.388,3.37,4.194,3.8316490118577073,0.22514406230570172,0.8239999999999998,3.379,3.38,3.375,4.195,3.8341054545454543,0.2243337377814733,0.8200000000000003,3.384,3.385,25.0,32.0,26.985739130434784,1.5895764056308757,7.0,27.0,27.0,25.0,32.0,26.835509881422926,1.4901661567770028,7.0,27.0,27.0,25.0,32.0,26.94308300395257,1.5559910930490228,7.0,27.0,27.0,10.0,100.1,62.81811541501976,27.08237271713543,90.1,10.0,10.0,0.005376790513833969,0.017000000000000348,0.002700924533481529,0.23021346975643855,0.005911812996889044,0.25158687678633873,0.15022924901185772,1.0,0.35729598619798536,0.17309021776702385,0.0014822833555183704,0.0014763417563085262,8.823043667148201e-05,0.9748957202769057,1959,3079.0,4381.0,5833.0,23855,90.1,-0.00018461512623220002,98.0,31625,23144,8481
11,-53.0,53.0,-0.022626649368731037,22.36286248420679,106.0,-51.01,-51.01,3.376,4.199,3.802552479195013,0.21884865815054783,0.823,3.38,3.38,3.367,4.194,3.7962548808657406,0.22003675249810836,0.827,3.372,3.372,3.373,4.195,3.7991171091352083,0.2191769027170816,0.8220000000000001,3.377,3.377,25.0,32.0,27.014429009904124,1.5815582405032633,7.0,27.0,27.0,25.0,32.0,26.86498117267348,1.4875031822819471,7.0,27.0,27.0,25.0,32.0,26.974148023921778,1.5485873980269003,7.0,27.0,27.0,10.0,100.1,59.68364712210865,26.16563087075169,90.1,10.0,10.0,0.006297598329272567,0.017000000000000348,0.0026428260557407263,0.2634430462009879,0.005979055779133674,0.25334504565533666,0.14944783723064267,1.0,0.3565293552818982,0.16629884460599767,0.0015044056464898921,0.001499250374812628,9.427393255070142e-05,0.9745400404835487,1956,3071.0,4369.0,5815.0,23847,90.1,-0.00034142281367232437,97.0,31603,23109,8494
12,-53.0,53.0,-0.02167020232403427,22.362643032249075,106.0,-53.0,-53.0,3.376,4.199,3.782746287559763,0.22677470857979787,0.823,3.377,3.376,3.366,4.194,3.777084570813412,0.22766422811550419,0.8279999999999998,3.369,3.368,3.372,4.195,3.779654466010196,0.2269330994181976,0.8230000000000004,3.374,3.373,25.0,32.0,27.044960896684927,1.5734570860226433,7.0,27.0,27.0,25.0,32.0,26.90004116138429,1.483483351958849,7.0,27.0,27.0,25.0,32.0,26.987303296077002,1.5476260517000042,7.0,27.0,27.0,10.0,100.1,56.503099768862995,26.865953842626347,90.1,10.0,10.0,0.005661716746350914,0.017000000000000348,0.0026570648697154605,0.2418716779709036,0.006039377249663907,0.2553516755874188,0.14491973530063643,1.0,0.3520198937858909,0.15815950388134783,0.0015205106257483716,0.0015137180700094623,9.576167110778784e-05,0.9741122789501139,1951,3063.0,4355.0,5796.0,23826,90.1,-3.305212149144082e-05,97.0,31583,23059,8524
13,-53.0,53.0,-0.019653696249441303,22.39132473039724,106.0,-27.82,8.4,3.376,4.199,3.7732461184588844,0.2357602272070362,0.823,3.417,3.478,3.368,4.194,3.767408025046323,0.23666443672422868,0.8260000000000001,3.411,3.471,3.373,4.195,3.7699594914062997,0.23602177243485395,0.8220000000000001,3.414,3.474,25.0,32.0,27.066098012906522,1.5709351678194114,7.0,27.0,27.0,25.0,32.0,26.905660980129067,1.4872406542760412,7.0,27.0,27.0,25.0,32.0,27.01520669605776,1.5431596867528432,7.0,27.0,27.0,10.0,100.1,53.91386492875854,28.873917786098023,90.1,10.0,10.0,0.00583809341256159,0.017000000000000348,0.002581255432074027,0.25803248269221407,0.006070749967164312,0.2558654654435466,0.1604370327774583,1.0,0.36701088715598484,0.18081520073551946,0.0015382162418055814,0.0015269151138716398,9.5554422874154e-05,0.9734853907875013,1957,3065.0,4353.0,5788.0,23490,90.1,4.5186022573501564e-05,97.0,31302,22841,8461
14,-53.0,53.0,-0.02576787884760628,22.70270143828775,106.0,-23.21,-23.21,3.373,4.199,3.8680505239643903,0.2614049280168914,0.8259999999999996,3.424,3.424,3.365,4.194,3.862301041358694,0.2626993761516106,0.8289999999999997,3.417,3.418,3.37,4.195,3.864739857429125,0.2617531422877027,0.8250000000000002,3.42,3.421,25.0,33.0,27.16040865937387,1.6071982198665362,8.0,27.0,27.0,25.0,32.0,27.047468874215696,1.4953077236110088,7.0,27.0,27.0,25.0,32.0,27.118195854275484,1.5588784043602386,7.0,27.0,27.0,10.0,100.2,65.16589139647186,30.45071316025241,90.2,10.0,10.0,0.005749482605696365,0.017000000000000348,0.0026587722389666076,0.2624444952400032,0.006084757555990435,0.25625972770686345,0.11293978515817484,1.0,0.31651917807077684,0.12663622526636226,0.0015496959268312264,0.0015427769985974927,9.204411171355306e-05,0.9741397679471141,1944,3049.0,4332.0,5762.0,18276,90.2,-6.262424392374462e-05,97.0,30441,22995,7446
15,-53.0,53.0,-0.01580120599105309,24.60550861993307,106.0,-47.01,-47.01,3.374,4.199,3.81398101536666,0.23968736191586387,0.8249999999999997,3.383,3.383,3.366,4.194,3.8079190429877454,0.24099969196670637,0.8279999999999998,3.376,3.375,3.371,4.196,3.810619568177397,0.2400939867156211,0.8249999999999997,3.38,3.38,25.0,33.0,27.453919470920056,1.5972606828270297,8.0,27.0,27.0,25.0,32.0,27.332308889321144,1.4556320667560472,7.0,27.0,27.0,25.0,32.0,27.40980354016728,1.5192870069373534,7.0,27.0,27.0,10.0,100.1,59.577327368216295,28.697524037344444,90.1,10.0,10.0,0.006061972378914639,0.017000000000000348,0.002844640110542214,0.2597822464164468,0.006104072198987453,0.2559665066855697,0.12161058159891072,1.0,0.3268355060914977,0.1292537970504072,0.001567344981513238,0.0015591778880226646,9.291500365031345e-05,0.9719820069587041,1938,3038.0,4318.0,5742.0,18043,90.1,2.275541064167881e-05,96.0,25705,22715,2990
16,-53.0,53.0,-0.018127603665962215,22.28615899657183,106.0,-41.27,-53.0,3.373,4.199,3.8376226687175543,0.22407155061221495,0.8259999999999996,3.395,3.374,3.365,4.194,3.8320495417547904,0.22545790398266724,0.8289999999999997,3.388,3.366,3.37,4.196,3.834604851631097,0.2245810117838484,0.8259999999999996,3.392,3.372,25.0,33.0,27.080369159776964,1.6685796316504824,8.0,27.0,27.0,25.0,32.0,26.933506376978787,1.5476476613670471,7.0,27.0,27.0,25.0,32.0,27.01691982311094,1.6036180725745959,7.0,27.0,27.0,10.0,100.1,62.879100173043646,27.064920721088672,90.1,10.0,10.0,0.005573126962763619,0.017000000000000348,0.002808065951270993,0.23508770161063805,0.0061162678587080395,0.2567281626631356,0.14686278279817983,1.0,0.35396907467595873,0.17100534665614867,0.001584606074503507,0.0015772870662460606,9.175427627652457e-05,0.9726085262834493,1933,3031.0,4307.0,5726.0,23468,90.1,6.953969850071475e-05,96.0,31206,22818,8388
17,-53.0,53.0,-0.01859286396941716,22.213180636648904,106.0,4.58,4.58,3.375,4.199,3.7977257406817464,0.2216207924764767,0.8239999999999998,3.471,3.472,3.367,4.194,3.7914697992991395,0.22274092388677097,0.827,3.464,3.466,3.372,4.196,3.79419375597324,0.22198691025989278,0.8239999999999998,3.467,3.469,25.0,33.0,27.108474036317297,1.6412922544804083,8.0,27.0,27.0,25.0,32.0,26.941000318572794,1.5288739783270253,7.0,27.0,27.0,25.0,32.0,27.03494743548901,1.5803091331950385,7.0,27.0,27.0,10.0,100.1,59.130340872889455,26.40353284652872,90.1,10.0,10.0,0.006255941382605973,0.017000000000000348,0.0025805393622643454,0.27369795689446463,0.006201227741738869,0.2591967030742763,0.16747371774450462,1.0,0.37339827478088145,0.18934215682006184,0.0016038419631863306,0.0015988372093023,9.414205813147542e-05,0.9724525309782388,1934,3028.0,4300.0,5714.0,23671,90.1,-0.00032086368623735964,96.0,31390,22969,8421
18,-53.0,53.0,-0.01738387956216134,22.273481256066518,106.0,-26.6,-16.29,3.378,4.199,3.7815095496420894,0.22865834702149,0.8209999999999997,3.42,3.438,3.37,4.194,3.775742625108336,0.22947559347515412,0.8239999999999998,3.413,3.431,3.375,4.196,3.778340898147851,0.22881987224562933,0.8209999999999997,3.417,3.435,25.0,33.0,27.131897409559272,1.6505737157481646,8.0,27.0,27.0,25.0,32.0,26.95888036465188,1.5364093146772584,7.0,27.0,27.0,25.0,32.0,27.064905466568227,1.5818924602732602,7.0,27.0,27.0,10.0,100.1,56.08010464481752,27.1381264058528,90.1,10.0,10.0,0.005766924533752799,0.017999999999999794,0.0027118346948947054,0.24653971428771873,0.006261923618444217,0.26118645503762755,0.17301704490739256,1.0,0.37826200850588454,0.1955737416402675,0.0016185614515660761,0.0016112789526686823,9.515463128377096e-05,0.9719825081151268,1926,3017.0,4285.0,5695.0,23526,90.1,-0.0005495126808953443,96.0,31153,22728,8425
19,-53.0,53.0,-0.0162855486489096,22.313401707970474,106.0,-12.11,-12.11,3.38,4.199,3.7694846532899606,0.24066622072081809,0.819,3.445,3.445,3.371,4.194,3.7634699990337857,0.2415660125848678,0.823,3.439,3.439,3.377,4.196,3.7660687300718223,0.24098718136652542,0.819,3.442,3.442,25.0,33.0,27.118651164288703,1.6463261153103679,8.0,27.0,27.0,25.0,32.0,26.9814164707398,1.5220398414198717,7.0,27.0,27.0,25.0,32.0,27.0588424747979,1.5763548699801564,7.0,27.0,27.0,10.0,100.1,53.16240136558343,29.717168109237406,90.1,10.0,10.0,0.00601465425617573,0.017999999999999794,0.0026511344809932967,0.2672444032631626,0.006296325772648895,0.2612129719985545,0.13723469354890658,1.0,0.34409494683218506,0.14719016668877394,0.0016278702563718354,0.0016166281755196448,9.806693697011664e-05,0.9714629917362125,1935,3023.0,4287.0,5693.0,23404,90.1,-7.091611149659971e-05,95.0,31049,22617,8432
20,-53.0,53.0,-0.0220677151078005,24.559742090760775,106.0,-33.49,-10.1,3.373,4.199,3.8166448307122307,0.24092426188187477,0.8259999999999996,3.406,3.447,3.364,4.194,3.8104622994757795,0.24218563154427777,0.8300000000000001,3.399,3.441,3.37,4.196,3.813227543258051,0.24130291996538897,0.8259999999999996,3.403,3.444,26.0,33.0,27.563123250955815,1.6246162487435174,7.0,27.0,27.0,26.0,32.0,27.41697213353829,1.4704243600539664,6.0,27.0,27.0,26.0,33.0,27.5118048165228,1.5669119995071001,7.0,27.0,27.0,10.0,100.1,59.852473296283165,28.747347636767685,90.1,10.0,10.0,0.006182531236451097,0.017000000000000348,0.0028717114222375105,0.2624617520102584,0.0062889385474860365,0.26165671906020205,0.14615111741752396,1.0,0.35325765143183113,0.1562458100558659,0.0016356332887453389,0.0016288146931722194,9.519767185841549e-05,0.9716322890989215,1919,3005.0,4265.0,5665.0,17810,90.1,-8.226340040496068e-06,95.0,25371,22375,2996
21,-53.0,53.0,-0.016170397529910892,22.206031949388397,106.0,-53.0,-53.0,3.367,4.199,3.875527145246365,0.25823914698128775,0.8319999999999999,3.367,3.367,3.358,4.194,3.869834266049144,0.2598334324395291,0.8359999999999999,3.359,3.358,3.364,4.196,3.8723255499807023,0.2587942827651784,0.8319999999999999,3.364,3.364,25.0,33.0,27.106876366911102,1.7310835503679136,8.0,27.0,27.0,25.0,32.0,27.005146018268366,1.5800926972332665,7.0,27.0,27.0,25.0,33.0,27.068795831725204,1.677008749741946,8.0,27.0,27.0,10.0,100.1,66.07274218448477,30.13379200056389,90.1,10.0,10.0,0.005692879197221062,0.018000000000000238,0.0028662243411773157,0.2510525960851033,0.006263540931545521,0.26063367825688843,0.10173034864273768,1.0,0.3022933753951031,0.1201923076923077,0.0016535283862308793,0.0016465422612513855,9.084459251985002e-05,0.9711497450425494,1913,2996.0,4252.0,5648.0,23385,90.1,-5.492556781451751e-05,95.0,31092,22672,8420
22,-53.0,53.0,-0.01585478119935108,22.22281573065584,106.0,-21.46,-21.46,3.385,4.199,3.8336948136142626,0.22308554861091595,0.8140000000000001,3.427,3.427,3.377,4.194,3.8278794165316046,0.22436992618007381,0.8170000000000002,3.42,3.42,3.383,4.196,3.830529756888169,0.22354976684293917,0.8129999999999997,3.423,3.423,25.0,33.0,27.155202593192868,1.720567638267642,8.0,27.0,27.0,25.0,32.0,26.985348460291736,1.5870359874353737,7.0,27.0,27.0,25.0,33.0,27.100777957860615,1.6744014274732677,8.0,27.0,27.0,10.0,100.1,62.49319935170179,26.964286022217863,90.1,10.0,10.0,0.005815397082658049,0.018000000000000238,0.002747526876066507,0.2449533880865196,0.006325903185620219,0.2615374451964643,0.16985413290113452,1.0,0.3755046024185832,0.2042178323545115,0.0016722800455088382,0.0016632016632016648,9.210527573530452e-05,0.970900804423391,1912,2992.0,4245.0,5637.0,23207,90.1,-8.369849825285327e-05,95.0,30850,22476,8374
23,-53.0,53.0,-0.01479980563654018,22.20236746184252,106.0,-25.35,-25.35,3.368,4.199,3.800204114026563,0.22316390501752992,0.831,3.417,3.418,3.359,4.194,3.7938396825396827,0.2243307333524094,0.835,3.41,3.411,3.365,4.196,3.79664713313897,0.22355756995010959,0.8309999999999995,3.414,3.414,25.0,33.0,27.17917071590541,1.7313961550209196,8.0,27.0,27.0,25.0,32.0,27.00110139293813,1.5958112743505577,7.0,27.0,27.0,25.0,33.0,27.133236151603498,1.6849627413860646,8.0,27.0,27.0,10.0,100.1,59.38936831875608,26.199436494879915,90.1,10.0,10.0,0.006364431486880504,0.018000000000000238,0.002651830361963128,0.27347300904636856,0.006398791675990155,0.2642495122169945,0.17806932296728215,1.0,0.38257109036786346,0.21714029984336541,0.0016828167172267309,0.0016797556719022678,9.491841701771317e-05,0.9704533707644867,1908,2985.0,4235.0,5622.0,23159,90.1,7.686614614772712e-05,94.0,30870,22345,8525
24,-53.0,53.0,-0.01653129790912315,22.274292921887554,106.0,-32.51,-32.51,3.368,4.199,3.7786973285057246,0.23146109604705878,0.831,3.404,3.404,3.36,4.194,3.7728019701862543,0.23227922116317956,0.8340000000000001,3.397,3.397,3.365,4.196,3.7754815865870763,0.23164186399361997,0.8309999999999995,3.401,3.401,25.0,33.0,27.179110806667317,1.718708351195831,8.0,27.0,27.0,25.0,32.0,27.04214371921584,1.5720047976671732,7.0,27.0,27.0,25.0,33.0,27.140000652379555,1.6691189565567213,8.0,27.0,27.0,10.0,100.1,55.19681964967218,27.713065158713608,90.1,10.0,10.0,0.005895358319470299,0.018000000000000238,0.0027992160415900645,0.2480737323237212,0.006393079646810992,0.26372481345700144,0.13696708745147926,1.0,0.3438126007093662,0.15427367666173636,0.0016964509034973247,0.0016864769538879325,9.606147940749326e-05,0.9704888611345225,1904,2978.0,4224.0,5609.0,23026,90.1,-0.0006875664437954332,94.0,30657,22311,8346
25,-53.0,53.0,-0.015731383414761935,22.350172720331166,106.0,-5.36,-5.36,3.373,4.199,3.757680657113814,0.2494501718425407,0.8259999999999996,3.459,3.459,3.365,4.194,3.7514017116437683,0.25041803365673304,0.8289999999999997,3.453,3.453,3.37,4.196,3.754277502705184,0.24970823506464718,0.8259999999999996,3.455,3.455,25.0,33.0,27.18087024953274,1.6354910446898292,8.0,26.0,26.0,25.0,32.0,27.049414696527528,1.504869973722434,7.0,26.0,26.0,25.0,33.0,27.13289831786733,1.5811374107311873,8.0,26.0,26.0,10.0,100.1,51.40583991868052,31.305585197440955,90.1,10.0,10.0,0.006278945470046217,0.018000000000000238,0.0026830836657441718,0.2598489705703877,0.006460437519815211,0.264389595035398,0.13145555300521364,1.0,0.33789789965210953,0.1516373024140586,0.0017028712338888752,0.0016928657799274234,9.726542842590257e-05,0.9699490345332563,1922,2993.0,4237.0,5619.0,22957,90.1,9.791331870346701e-05,94.0,30497,22079,8418
26,-53.0,53.0,-0.018615360290920223,24.417580949818298,106.0,30.71,30.71,3.367,4.2,3.814402031700858,0.24278281462309098,0.8330000000000002,3.524,3.526,3.358,4.194,3.8080455353966562,0.2441210937326037,0.8359999999999999,3.517,3.519,3.364,4.196,3.810911972805249,0.24322471589045874,0.8319999999999999,3.52,3.522,26.0,33.0,27.609075457527965,1.662829167695953,7.0,27.0,27.0,26.0,32.0,27.46436618048144,1.4866312846344159,6.0,27.0,27.0,26.0,33.0,27.56021977153247,1.6101407609316183,7.0,27.0,27.0,10.0,100.1,59.48627218467133,29.04359233692385,90.1,10.0,10.1,0.006356496304201782,0.018000000000000238,0.00296381700295765,0.26562834023125814,0.006426681614349779,0.26530866787717444,0.1447092770465236,1.0,0.3518074788619424,0.15632286995515696,0.001711291193300289,0.0017031630170316228,9.61658742096263e-05,0.9700546179678816,1906,2974.0,4215.0,5591.0,17778,90.1,-5.237479898758346e-05,94.0,25299,22300,2999
27,-53.0,53.0,-0.014839683633618622,22.236547112538947,106.0,-27.28,-21.68,3.382,4.2,3.8544934199730894,0.23555907620750308,0.8180000000000001,3.414,3.425,3.374,4.194,3.848905090085655,0.23723778890695826,0.8199999999999998,3.407,3.418,3.379,4.196,3.8514531193593906,0.2362442724511872,0.8169999999999997,3.411,3.421,25.0,33.0,27.202060976009978,1.7724486741439651,8.0,27.0,27.0,25.0,33.0,27.01998621640248,1.6300647137145434,8.0,27.0,27.0,25.0,33.0,27.14505595484231,1.7270210125764276,8.0,27.0,27.0,10.0,100.1,64.3490531981228,28.152085680006874,90.1,10.0,10.0,0.005588329887433947,0.018000000000000238,0.003120710492312556,0.23408238644296922,0.006455100655960191,0.26501037163010105,0.18207475960749564,1.0,0.3859061304532079,0.2249717258538792,0.0017284141560341912,0.0017209128320239363,8.995889146110555e-05,0.969687962335804,1895,2961.0,4198.0,5571.0,22905,90.1,0.00011203182948057384,93.0,30471,22105,8366
28,-53.0,53.0,-0.014069419312386408,22.19714474491185,106.0,-28.88,-28.88,3.367,4.2,3.8123139661128476,0.21860809700551792,0.8330000000000002,3.411,3.411,3.358,4.194,3.8058026320118445,0.21977760259869122,0.8359999999999999,3.404,3.404,3.364,4.196,3.8087394637275866,0.21898826866577667,0.8319999999999999,3.408,3.408,25.0,33.0,27.21536436913966,1.7651767102879279,8.0,27.0,27.0,25.0,33.0,27.06172067774305,1.6347337399944466,8.0,27.0,27.0,25.0,33.0,27.172725777266,1.7213061532303484,8.0,27.0,27.0,10.0,100.1,60.66829741733838,26.11355516134694,90.1,10.0,10.0,0.0065113341010035,0.018000000000000238,0.002700836359178228,0.27158629869450307,0.006503795972178028,0.26601438432616903,0.1536436913966113,1.0,0.36060686001604875,0.18407055507569214,0.0017427666759942321,0.0017382413087934463,9.382639819608668e-05,0.9693477894729192,1891,2954.0,4189.0,5557.0,22955,90.1,-0.0004335724741827942,93.0,30395,21997,8398
29,-53.0,53.0,-0.015051394042888633,22.221550350728673,106.0,-12.85,-12.85,3.38,4.2,3.782053758497258,0.22896528830316937,0.8200000000000003,3.442,3.442,3.372,4.194,3.776058553085284,0.22983271731451566,0.8220000000000001,3.436,3.436,3.378,4.196,3.7788080851203567,0.22916260301164912,0.8179999999999996,3.439,3.439,25.0,33.0,27.243538800039406,1.7404573230920009,8.0,27.0,27.0,25.0,33.0,27.10636760697514,1.6048356710731007,8.0,27.0,27.0,25.0,33.0,27.202259367508457,1.696827962405934,8.0,27.0,27.0,10.0,100.1,56.16280581918492,27.078758715149338,90.1,10.0,10.0,0.005995205411973356,0.018000000000000238,0.002869962572231418,0.24883448746021378,0.006559994552140555,0.26813228398377753,0.13717119306426717,1.0,0.3440279884799967,0.16030326417578428,0.0017535569386912726,0.0017441860465116353,9.566623425614203e-05,0.9693261857731365,1930,2991.0,4222.0,5588.0,22886,90.1,-4.216047266433503e-05,93.0,30451,22027,8424
30,-53.0,53.0,-0.01403066776587009,22.226843318802555,106.0,-46.79,-46.79,3.362,4.2,3.7653600000000003,0.24344788377547424,0.8380000000000001,3.374,3.374,3.353,4.194,3.758950272052761,0.24450497844642494,0.8409999999999997,3.366,3.365,3.359,4.196,3.7617406430338005,0.24389221567296582,0.8369999999999997,3.371,3.371,25.0,33.0,27.19159109645507,1.723097115056905,8.0,27.0,27.0,25.0,32.0,27.0557625721352,1.5715599497624195,7.0,26.0,26.0,25.0,33.0,27.147238252267105,1.6786283923465606,8.0,27.0,27.0,10.0,100.1,52.47255729596042,30.229983937203546,90.1,10.0,10.0,0.006409727947238243,0.018000000000000238,0.0027627371534248136,0.27892535903137944,0.006572054794520551,0.2678979437078837,0.13582852431986808,1.0,0.3426063868361988,0.1506392694063927,0.0017619167723566546,0.0017483862337755378,0.00010144009555353702,0.9688546469680083,1886,2944.0,4173.0,5536.0,22886,90.1,8.265637792969588e-05,92.0,30325,21900,8425
31,-53.0,53.0,-0.017526061736908478,24.671902954919545,106.0,-24.74,-8.62,3.373,4.2,3.8131895915304423,0.24115427814957147,0.827,3.419,3.449,3.364,4.195,3.8067471707297287,0.24244019235922554,0.8310000000000004,3.412,3.443,3.37,4.196,3.8096576075933966,0.24158309500606753,0.8259999999999996,3.416,3.446,26.0,33.0,27.736462093862816,1.6934929812135782,7.0,28.0,28.0,26.0,33.0,27.558877215754674,1.5590408698671239,7.0,27.0,27.0,26.0,33.0,27.656634081044903,1.6508923293624864,7.0,27.0,27.0,10.0,100.1,59.40036101083033,28.8200010623421,90.1,10.0,10.0,0.006442420800713945,0.018000000000000238,0.0030006253916660514,0.26768358260105984,0.00659884659746252,0.26870138918940245,0.177584878108141,1.0,0.3821629092094858,0.19312572087658592,0.0017668565056656333,0.0017585426584034412,9.542214642883237e-05,0.9687321148238285,1898,2954.0,4179.0,5537.0,17241,90.1,-0.00011023617037300164,92.0,24653,21675,2978
32,-53.0,53.0,-0.014057336580870137,22.103092472886907,106.0,-28.7,-33.26,3.364,4.2,3.8654935158975707,0.24343089118457956,0.8360000000000003,3.409,3.401,3.355,4.195,3.8598893094595486,0.24533549168557744,0.8400000000000003,3.402,3.393,3.361,4.196,3.862426436705944,0.244233266886407,0.8349999999999995,3.406,3.397,25.0,33.0,27.204397340530576,1.8257901650127815,8.0,27.0,27.0,25.0,33.0,27.04686985715226,1.6967953675194818,8.0,27.0,27.0,25.0,33.0,27.146303732473175,1.779707363941911,8.0,27.0,27.0,10.0,100.1,65.37667039694556,28.797461415032377,90.1,10.0,10.0,0.005604206438022636,0.019000000000000128,0.0032976033851293295,0.23525421338573005,0.006539507067778182,0.26774672969986285,0.1575274833783161,1.0,0.3642973721546869,0.19613084450888002,0.001785125480604901,0.0017770238895797987,9.010182377286565e-05,0.9687929725272049,1881,2935.0,4157.0,5512.0,22865,90.1,-0.00037067127017300895,92.0,30382,22072,8310
33,-53.0,53.0,-0.013697540277132618,22.198893921704553,106.0,-6.82,-6.82,3.363,4.2,3.8174168600411056,0.21911277380351435,0.8370000000000002,3.453,3.454,3.354,4.195,3.8108591129085725,0.2202704989958959,0.8410000000000002,3.447,3.447,3.359,4.196,3.8139175893389905,0.21949834065808052,0.8369999999999997,3.45,3.45,25.0,33.0,27.272061261022344,1.8032416576064607,8.0,28.0,28.0,25.0,33.0,27.131903467479944,1.6814756838758231,8.0,27.0,27.0,25.0,33.0,27.225750845322548,1.7584212354015083,8.0,28.0,28.0,10.0,100.1,61.148882848239744,26.18982654451679,90.1,10.0,10.0,0.006557747132533291,0.019000000000000128,0.0027330020166555333,0.26357748383288065,0.006643387610129624,0.2694742810046715,0.14015779354239874,1.0,0.3471506682288327,0.16287651644448545,0.0017949889853379711,0.0017910447761194047,9.581538615271839e-05,0.9683025571791106,1881,2933.0,4152.0,5503.0,22602,90.1,-0.00030769182133662563,92.0,30166,21679,8487
34,-53.0,53.0,-0.013313093980992684,22.142184444214944,106.0,-24.2,2.26,3.369,4.2,3.7809783526927143,0.22887750713461208,0.831,3.42,3.471,3.36,4.195,3.7748007853748677,0.22984365570941678,0.8350000000000004,3.412,3.465,3.366,4.196,3.7777466011087646,0.22907738567041305,0.8299999999999996,3.416,3.467,25.0,33.0,27.247195089757128,1.7694579511309847,8.0,27.0,27.0,25.0,33.0,27.12137011615628,1.6461452275270623,8.0,27.0,27.0,25.0,33.0,27.200765575501585,1.7307599593572225,8.0,27.0,27.0,10.0,100.1,56.112678194297786,27.06075157199861,90.1,10.0,10.0,0.006177567317845891,0.019000000000000128,0.002900733111229875,0.24442746575931995,0.006661354218842501,0.27070196571733807,0.12582497360084477,1.0,0.3316520007767049,0.14216110377487365,0.001808265509368329,0.0017977528089887656,9.606648186803318e-05,0.9682480150604607,1887,2936.0,4154.0,5502.0,22814,90.1,-4.381437332086776e-05,92.0,30304,21961,8343
35,-53.0,53.0,-0.01241516366065437,22.259255089728775,106.0,-43.89,-43.89,3.359,4.2,3.765293119572479,0.2427396399127902,0.8410000000000002,3.378,3.378,3.35,4.195,3.7588693052772206,0.24372208934231854,0.8450000000000002,3.37,3.369,3.356,4.196,3.761692184368738,0.2431438058564467,0.8399999999999999,3.375,3.375,25.0,33.0,27.252471609886438,1.7571741210854923,8.0,27.0,27.0,25.0,33.0,27.10684702738811,1.627165802577497,8.0,27.0,27.0,25.0,33.0,27.194689378757516,1.7130501847811033,8.0,27.0,27.0,10.0,100.1,52.498086172344685,30.08252307237636,90.1,10.0,10.0,0.00642381429525726,0.018000000000000238,0.0028245702459662797,0.27609473744847063,0.006712022670259221,0.270966696359496,0.14562458249833,1.0,0.3527294479775073,0.15999256712812412,0.00181529525375013,0.0018002571795970963,0.00010135698541711178,0.9676296261562841,1871,2918.0,4133.0,5479.0,22578,90.1,0.00023513965467978698,91.0,29940,21526,8414
36,-53.0,53.0,-0.017079341685089372,24.630514137677423,106.0,-6.93,-6.93,3.364,4.2,3.8150067550970275,0.24178435338104967,0.8360000000000003,3.454,3.455,3.355,4.195,3.8084183247359373,0.2431630917346032,0.8400000000000003,3.448,3.448,3.36,4.196,3.8114111192991076,0.24227422451952169,0.8359999999999999,3.451,3.451,26.0,34.0,27.813927781871776,1.7253166389538697,8.0,28.0,28.0,26.0,33.0,27.606730533038565,1.598895435436531,7.0,27.0,27.0,26.0,33.0,27.713092606239254,1.6839359915105603,7.0,28.0,28.0,10.0,100.1,59.60630066322771,28.825084858251465,90.1,10.0,10.0,0.006588430361090679,0.019000000000000128,0.0030581410599932646,0.27067025712554516,0.006714798582618428,0.2722204930301211,0.2071972488332105,1.0,0.4052980988225323,0.22123274897426334,0.0018192024737316698,0.001810436634717775,9.519529260635845e-05,0.9678421420181018,1872,2916.0,4128.0,5469.0,17033,90.1,-0.00032948766546072,91.0,24426,21448,2978
37,-53.0,53.0,-0.01333789101580728,22.15133716486446,106.0,-9.51,-5.98,3.36,4.2,3.8594929967318086,0.24012231335887502,0.8400000000000003,3.449,3.456,3.352,4.195,3.853755319148936,0.24195628142058087,0.8430000000000004,3.443,3.45,3.357,4.196,3.856377276062162,0.2409164697089835,0.8389999999999995,3.446,3.453,25.0,33.0,27.290635629960647,1.8380007792979736,8.0,27.0,27.0,25.0,33.0,27.093543653705062,1.7221510900870123,8.0,27.0,27.0,25.0,33.0,27.219402387780963,1.7968004023299344,8.0,27.0,27.0,10.0,100.1,64.76655105716002,28.5608538060356,90.1,10.0,10.0,0.005737677582871998,0.019000000000000128,0.003268221277960344,0.23769211904130863,0.006673500414631904,0.27040473869718756,0.19709197625558594,1.0,0.3978023744917235,0.24606099695936606,0.0018354474563348983,0.0018274853801169527,9.196375183909964e-05,0.9677710988598707,1907,2949.0,4158.0,5496.0,22546,90.1,-0.00046984707672267706,91.0,29986,21706,8280
38,-53.0,53.0,-0.013580447390223965,22.039587847239137,106.0,-16.8,-16.8,3.359,4.2,3.81004801988401,0.2205682854900409,0.8410000000000002,3.434,3.434,3.35,4.195,3.8033446230323116,0.2217775025151904,0.8450000000000002,3.427,3.427,3.356,4.196,3.8063768351284173,0.22098297459848468,0.8399999999999999,3.43,3.43,25.0,33.0,27.276685998342998,1.8087419916539518,8.0,27.0,27.0,25.0,33.0,27.149262634631317,1.6833284687903167,8.0,27.0,27.0,25.0,33.0,27.223728251864127,1.7649877597127646,8.0,27.0,27.0,10.0,100.1,60.335284175642094,26.387477097487846,90.1,10.0,10.0,0.006703396851698468,0.019000000000000128,0.0027766776462840605,0.27674450812596074,0.006720738088680807,0.27220681591527957,0.12742336371168186,1.0,0.33344662255311913,0.1495455797301019,0.0018478277387220603,0.0018440905280804525,9.260982107705812e-05,0.967657171766514,1920,2960.0,4167.0,5502.0,22740,90.1,-0.00019966356478887446,91.0,30175,21786,8389
39,-53.0,53.0,-0.012512503776308349,22.251314046281564,106.0,-31.31,-22.48,3.358,4.2,3.782633379208486,0.22991814862224955,0.8420000000000001,3.401,3.419,3.349,4.195,3.7765149877479773,0.23075045754758391,0.8460000000000001,3.393,3.412,3.355,4.196,3.7794807827867474,0.2300096162682116,0.8409999999999997,3.398,3.415,25.0,34.0,27.320801584371118,1.8445613956285474,9.0,28.0,28.0,25.0,33.0,27.194085462052296,1.7011232199361639,8.0,27.0,27.0,25.0,33.0,27.2654828639522,1.7780517695962739,8.0,27.0,27.0,10.0,100.1,56.10835487227686,27.122320158178272,90.1,10.0,10.0,0.006118391460508236,0.019000000000000128,0.0030455100051154913,0.2372808977514734,0.006839951072638318,0.27502454529717524,0.12671612231882112,1.0,0.3326546958383463,0.14254798645088446,0.001855554855290063,0.001844262295081946,9.877940620093978e-05,0.9670238776318998,1860,2898.0,4102.0,5434.0,22303,90.1,-6.300179442946686e-05,90.0,29791,21256,8535
40,-53.0,53.0,-0.010733870695760575,22.263292030357267,106.0,-12.14,-12.14,3.367,4.2,3.7565701325419036,0.248868982857699,0.8330000000000002,3.443,3.443,3.358,4.195,3.7498866142794514,0.2500003668539487,0.8370000000000002,3.436,3.436,3.364,4.196,3.7528962935482784,0.24930506983281467,0.8319999999999999,3.44,3.439,25.0,33.0,27.340123435971805,1.741603048724646,8.0,26.0,26.0,25.0,33.0,27.137330950052274,1.6064184896678757,8.0,26.0,26.0,25.0,33.0,27.2282553708138,1.697496283034933,8.0,26.0,26.0,10.0,100.1,51.20152777309366,31.213873863729024,90.1,10.0,10.0,0.006683518262453173,0.019000000000000128,0.002835275840596223,0.2772362512716486,0.006798011536838162,0.27324697329254666,0.20279248591953053,1.0,0.40207921305895383,0.24958964498428926,0.0018607654886137845,0.0018470612632224943,0.00010288095044547211,0.9665678015299957,1863,2899.0,4101.0,5432.0,22350,90.1,-0.0002784493342277668,90.0,29651,21323,8328
41,-53.0,53.0,-0.016719161167562797,24.3130073897015,106.0,0.0,0.0,3.356,4.2,3.8152176025262134,0.24496135275798783,0.8440000000000003,3.462,3.464,3.345,4.195,3.808510384194972,0.24640661092928826,0.8500000000000001,3.451,3.452,3.353,4.196,3.8115912311242464,0.24542153341965842,0.8429999999999995,3.457,3.459,26.0,34.0,27.809845755232583,1.775367825051264,8.0,27.0,27.0,26.0,33.0,27.581960244524513,1.6187502193292338,7.0,27.0,27.0,26.0,33.0,27.702198291567143,1.7073602936141954,7.0,27.0,27.0,9.9,100.1,59.49352252945224,29.247043266639505,90.19999999999999,9.9,9.9,0.006707218331241679,0.019000000000000128,0.0031275374894971257,0.2715301050095184,0.00675958316118074,0.27377922521957676,0.2278855107080685,1.0,0.41946835961415646,0.24216131845934905,0.0018710277581263216,0.0018604651162790714,9.885449710274301e-05,0.9673290969150111,1853,2887.0,4086.0,5412.0,17309,90.19999999999999,-0.0004414515035823227,90.0,24701,21783,2918
42,-53.0,53.0,-0.012608754208754316,22.15020892991409,106.0,-51.59,-53.0,3.355,4.2,3.851712626262626,0.2331393839147732,0.8450000000000002,3.359,3.356,3.345,4.195,3.84567026936027,0.23487191910077782,0.8500000000000001,3.35,3.347,3.352,4.196,3.8484560942760937,0.23382703583008105,0.8439999999999999,3.356,3.353,25.0,34.0,27.34148148148148,1.9008477181607322,9.0,28.0,28.0,25.0,33.0,27.16084175084175,1.7426387645883736,8.0,27.0,27.0,25.0,33.0,27.255050505050505,1.821338099364507,8.0,27.0,27.0,10.0,100.1,64.10767003367003,27.87333242298995,90.1,10.0,10.0,0.006042356902356933,0.019000000000000128,0.003215527955754192,0.24705872202317838,0.006824290132133822,0.2741846483003816,0.18063973063973063,1.0,0.3847194021025404,0.21820822790741262,0.0018838418296152064,0.001874999999999992,8.921797940532077e-05,0.9667472876657855,1854,2885.0,4082.0,5405.0,22415,90.1,-0.0006808645506636493,90.0,29700,21342,8358
43,-53.0,53.0,-0.011971620104127348,22.267302604095047,106.0,-8.01,-35.95,3.358,4.2,3.7970556368462245,0.2194544041012196,0.8420000000000001,3.45,3.394,3.349,4.195,3.790260761561235,0.22069132746911968,0.8460000000000001,3.444,3.386,3.355,4.196,3.7933289549800935,0.21986989744754437,0.8409999999999997,3.447,3.391,25.0,34.0,27.379079184673493,1.8841733359555124,9.0,28.0,28.0,25.0,33.0,27.225746078197844,1.7283671150871764,8.0,27.0,27.0,25.0,33.0,27.302582774696294,1.8040368857707358,8.0,28.0,28.0,10.0,100.1,59.18948514649335,25.84731949808331,90.1,10.0,10.0,0.0067948752849900035,0.019000000000000128,0.00285646170495467,0.28003612601891475,0.006902779099647857,0.27597753796156205,0.1533331064756525,1.0,0.36030829151461213,0.1751213476729799,0.0018924963814623448,0.0018904320987654466,9.632575721994518e-05,0.9663183634634387,1851,2881.0,4075.0,5395.0,22203,90.1,-4.392992939972602e-05,89.0,29387,21014,8373
44,-53.0,53.0,-0.013481336747069628,22.160089729749984,106.0,-12.36,-12.36,3.356,4.2,3.7786080380002693,0.23569076618154552,0.8440000000000003,3.443,3.443,3.347,4.195,3.772369390917666,0.23648278119573113,0.8480000000000003,3.436,3.436,3.353,4.196,3.775072261150789,0.23595675511483577,0.8429999999999995,3.439,3.439,25.0,34.0,27.388761622422855,1.8655243056821766,9.0,27.0,27.0,25.0,33.0,27.209304675919686,1.7140103539205807,8.0,27.0,27.0,25.0,33.0,27.289111979517585,1.7878940646345955,8.0,27.0,27.0,10.0,100.1,54.7431781431074,28.347871669838057,90.1,10.0,10.0,0.006238647082603438,0.019000000000000128,0.0030264266591530985,0.27302622509054786,0.006906864599092288,0.27697579073011813,0.17945694650316668,1.0,0.38373447962741924,0.21629160363086233,0.0019014492379081777,0.0018862690707350796,0.00010096786429063983,0.9664775185136996,1852,2879.0,4071.0,5389.0,22252,90.1,0.00012936462436515423,89.0,29684,21152,8532
45,-53.0,53.0,-0.017807307836647558,22.293730482313713,106.0,-36.83,-24.99,3.362,4.2,3.8832500085292208,0.2648615513078074,0.8380000000000001,3.39,3.414,3.353,4.195,3.8769102725939066,0.2663646386180315,0.8420000000000001,3.382,3.406,3.359,4.196,3.87966950974037,0.2652902750019408,0.8369999999999997,3.387,3.41,25.0,34.0,27.493603084166352,1.9229162020965078,9.0,28.0,28.0,25.0,33.0,27.22500085292211,1.7640792747080545,8.0,27.0,27.0,25.0,34.0,27.375524547098358,1.8508546040076999,9.0,28.0,28.0,10.0,100.2,66.76856470267136,30.514082863957338,90.2,10.0,10.0,0.006339735935314349,0.019000000000000128,0.0029726954446570872,0.2758341068085871,0.006890486777993285,0.2761650223248511,0.26860223124424276,1.0,0.4432325265759014,0.34046075973319456,0.0019037439880529282,0.001893783449979408,9.588325698831564e-05,0.9670649247176805,1845,2871.0,4060.0,5374.0,16750,90.2,-0.00046567470580101926,89.0,29311,21139,8172
46,-53.0,53.0,-0.006755390272439111,24.648622340151725,106.0,-46.46,-46.46,3.363,4.2,3.8125864532843052,0.241555112539124,0.8370000000000002,3.371,3.37,3.354,4.195,3.8057856008691298,0.24300203550138483,0.8410000000000002,3.362,3.361,3.36,4.196,3.8088949105799763,0.2420495503393739,0.8359999999999999,3.368,3.367,25.0,34.0,27.89353167307371,1.8704569866974758,9.0,28.0,28.0,25.0,33.0,27.588835032592346,1.7332341585988045,8.0,28.0,28.0,25.0,34.0,27.763747283971252,1.812567635992709,9.0,28.0,28.0,10.0,100.1,59.32356677252214,28.81613020864211,90.1,10.0,10.0,0.006800852415176351,0.020000000000000018,0.0031650965986528188,0.2753293037704255,0.006888419353307066,0.2752857041622354,0.30469664048136386,1.0,0.46027882610514936,0.3205925644556289,0.0019163029718093653,0.0019076561740061972,9.50963250409142e-05,0.9649596614327994,1844,2867.0,4054.0,5365.0,16784,90.1,-0.0006308821909830439,88.0,23932,21061,2871
47,-53.0,53.0,-0.011614703097524725,22.08543875998584,106.0,-11.55,-0.67,3.369,4.2,3.8226349249289866,0.22001974127282542,0.831,3.445,3.467,3.359,4.195,3.815990937373191,0.22126662919372259,0.8360000000000003,3.438,3.461,3.366,4.196,3.8190856553496553,0.22043766918574406,0.8299999999999996,3.442,3.464,25.0,34.0,27.423948329500877,1.9027836666755282,9.0,28.0,28.0,25.0,33.0,27.222676856485865,1.7433830080808095,8.0,27.0,27.0,25.0,34.0,27.33846205870418,1.8344079493114815,9.0,28.0,28.0,10.0,100.1,61.51463208440417,26.452671342194158,90.1,10.0,10.0,0.006643987555795999,0.020000000000000018,0.0028423088798149136,0.2661368311049358,0.006894776399849686,0.2764497612522317,0.2012714730150142,1.0,0.40095045475143265,0.24285982713265689,0.0019273783791198254,0.0019230769230769553,9.305392526769768e-05,0.9659595031186516,1868,2890.0,4074.0,5383.0,22309,90.1,0.0003050607688542134,88.0,29572,21288,8284
48,-53.0,53.0,-0.011901535984974699,21.961300423661314,106.0,-10.25,-6.08,3.363,4.2,3.783899356093635,0.23029285212210782,0.8370000000000002,3.447,3.455,3.354,4.195,3.777589710912872,0.23116394721443972,0.8410000000000002,3.44,3.449,3.361,4.196,3.780502045744181,0.23049988897757331,0.8349999999999995,3.443,3.452,25.0,34.0,27.363907706754308,1.8848236293680547,9.0,27.0,27.0,25.0,33.0,27.188912737272787,1.724919007246294,8.0,27.0,27.0,25.0,33.0,27.272218123281238,1.7979035261808562,8.0,27.0,27.0,10.0,100.1,56.53796029244081,27.061789931604054,90.1,10.0,10.0,0.006309645180763324,0.019000000000000128,0.0030052051231793594,0.25694569797615985,0.006936982220981105,0.2786474607329539,0.17499496948152124,1.0,0.3799628009919954,0.20585497533277483,0.0019402578345808518,0.0019316493313521386,9.846676057214063e-05,0.9660041288902457,1845,2865.0,4047.0,5354.0,22522,90.1,-8.445137358282856e-06,88.0,29818,21486,8332
49,-53.0,53.0,-0.012489992536806873,22.1086468029743,106.0,-48.46,-48.46,3.352,4.2,3.7637090711717205,0.24685113455466168,0.8480000000000003,3.361,3.36,3.343,4.195,3.7568147771219214,0.24805358137867745,0.8520000000000003,3.352,3.351,3.349,4.196,3.7598874754053875,0.24731748280479415,0.8469999999999995,3.357,3.357,25.0,34.0,27.429438903589116,1.842579484299821,9.0,27.0,27.0,25.0,33.0,27.17945586539114,1.6870322169620664,8.0,26.0,26.0,25.0,33.0,27.31759278105706,1.774336431885827,8.0,26.0,26.0,10.0,100.1,52.10905081755886,30.670268108696874,90.1,10.0,10.0,0.0068942940497998895,0.019000000000000128,0.002910034788734623,0.2877182394383623,0.006964382006527605,0.2780943770137923,0.24998303819797815,1.0,0.43300290854829876,0.2999858095643536,0.0019416331054620854,0.0019271948608137093,0.00010278295263516448,0.9656008682216728,1836,2854.0,4035.0,5340.0,22148,90.1,-0.0006510065636437514,88.0,29478,21141,8337
50,-53.0,53.0,-0.013128615745786188,24.53647257197572,106.0,0.0,0.0,3.353,4.2,3.8160353819065986,0.24318807350187924,0.847,3.463,3.464,3.342,4.195,3.809111763226293,0.24467402526290274,0.8530000000000002,3.451,3.453,3.349,4.196,3.812296889410581,0.24365974670679916,0.8469999999999995,3.458,3.459,26.0,34.0,28.02267963444286,1.823253402245686,8.0,28.0,28.0,26.0,33.0,27.689444118386852,1.6774012461035341,7.0,27.0,27.0,26.0,34.0,27.87943321874738,1.7804031130957527,8.0,28.0,28.0,9.9,100.1,59.689972331684416,28.903551579848692,90.19999999999999,9.9,9.9,0.0069236186803052,0.019000000000000128,0.003236317356322454,0.27736769719700594,0.006986068702290075,0.27859456961479684,0.3332355160560074,1.0,0.4713699257429283,0.3469942748091603,0.00194403637755021,0.00193587416817907,9.446792443444135e-05,0.9652988468905008,1832,2848.0,4026.0,5326.0,16578,90.19999999999999,-3.054670865265551e-05,87.0,23854,20960,2894
51,-53.0,53.0,-0.011705062861026273,22.054876973340985,106.0,-7.4,-7.4,3.353,4.2,3.8515165477404008,0.23419974843978292,0.847,3.452,3.452,3.344,4.195,3.845416139993204,0.23582546260290838,0.8510000000000004,3.445,3.446,3.35,4.196,3.8482370370370367,0.23488918291630995,0.8459999999999996,3.448,3.449,25.0,34.0,27.448963642541624,1.9483549731233558,9.0,28.0,28.0,25.0,33.0,27.208868501529054,1.7760926517923061,8.0,27.0,27.0,25.0,34.0,27.347910295616717,1.8845973898656876,9.0,28.0,28.0,10.0,100.1,64.03941896024465,28.009031976157154,90.1,10.0,10.0,0.006100407747196766,0.019000000000000128,0.0032267479997659465,0.24802754594620174,0.006990173739675308,0.27769128316333574,0.2400951410125722,1.0,0.42714103557809247,0.291085160922814,0.0019621348996871576,0.001952085181898868,9.176645412734341e-05,0.9653895981004181,2024,3038.0,4214.0,5512.0,21999,90.1,-0.00019514594770858476,87.0,29430,21066,8364
52,-53.0,53.0,-0.010364336593844989,22.098089460245838,106.0,-53.0,-53.0,3.351,4.2,3.7943721754541433,0.22215881934411957,0.8490000000000002,3.351,3.351,3.34,4.195,3.7874252752121613,0.2234303922016074,0.8550000000000004,3.342,3.34,3.347,4.196,3.790590163934427,0.22257298964309147,0.8489999999999998,3.348,3.347,25.0,34.0,27.43999863671995,1.9192983079818962,9.0,27.0,28.0,25.0,33.0,27.24409529327562,1.7520337767036553,8.0,27.0,27.0,25.0,34.0,27.352578303397976,1.857060889078895,9.0,27.0,27.0,10.0,100.1,58.712906853890466,26.170237340455266,90.1,10.0,10.0,0.006946900241982244,0.020000000000000018,0.0029366095694704063,0.2820372498829533,0.007061966321614276,0.2793265384494594,0.19590334344432705,1.0,0.39689447397470917,0.23164623384057625,0.0019713585449909455,0.0019691391774182025,9.738352371115982e-05,0.9648894637919966,1829,2841.0,4015.0,5310.0,22141,90.1,0.0003348346864655128,87.0,29341,20963,8378
53,-53.0,53.0,-0.013043418756628686,22.164150435765052,106.0,-53.0,-53.0,3.35,4.2,3.7703903582304035,0.23546296712889245,0.8500000000000001,3.352,3.351,3.339,4.195,3.7637280596708527,0.2364411396446255,0.8560000000000003,3.342,3.341,3.347,4.196,3.7667542683135458,0.23575025053213255,0.8489999999999998,3.349,3.348,25.0,34.0,27.496698258459645,1.895609665453739,9.0,27.0,27.0,25.0,33.0,27.247784582748828,1.734109374246846,8.0,27.0,27.0,25.0,34.0,27.403154617305916,1.8322639729147803,9.0,27.0,27.0,10.0,100.1,53.51954699421767,28.623859538661936,90.1,10.0,10.0,0.006662298559551084,0.020000000000000018,0.0030364562583795303,0.2734687822563615,0.0071025,0.28043853493530985,0.24891367571081535,1.0,0.4323836927486355,0.3038942307692308,0.0019803555794532086,0.0019626168224299184,0.00010342671932710256,0.9650798536459867,1828,2838.0,4010.0,5303.0,22034,90.1,-0.0006703890832530686,87.0,29227,20800,8427
54,-53.0,53.0,-0.012974294142435932,24.52583807492556,106.0,-18.25,-18.25,3.353,4.2,3.8128649388959124,0.24349835863640762,0.847,3.428,3.428,3.344,4.195,3.805968815844922,0.2448345230040135,0.8510000000000004,3.42,3.42,3.35,4.196,3.809090054782975,0.2439625789554439,0.8459999999999996,3.424,3.424,26.0,34.0,28.099873577749683,1.805517829361469,8.0,28.0,28.0,26.0,33.0,27.72566371681416,1.6701952213408495,7.0,27.0,27.0,26.0,34.0,27.962326169405817,1.7652629762396008,8.0,27.0,27.0,10.0,100.1,59.26022334597556,29.02347876512819,90.1,10.0,10.0,0.006896123050990334,0.020000000000000018,0.0032090195219857823,0.28114983583230096,0.007077972145920687,0.2804145517813191,0.37420986093552466,1.0,0.4839182171753198,0.39246301383065874,0.0019766427375460076,0.0019668100799016615,9.673199158452118e-05,0.9647317985670867,1825,2834.0,4003.0,5293.0,16525,90.1,9.748790071815983e-05,86.0,23730,20751,2979
55,-53.0,53.0,-0.010775841407881284,22.073034803201352,106.0,-25.26,-25.97,3.353,4.2,3.876828226110179,0.25697501078586954,0.847,3.414,3.412,3.343,4.195,3.8705778066901764,0.2587812065057315,0.8520000000000003,3.406,3.404,3.349,4.196,3.873369363508748,0.25766436573739054,0.8469999999999995,3.411,3.408,25.0,34.0,27.50183175266203,1.991178305246735,9.0,28.0,28.0,25.0,33.0,27.224090115383298,1.8126584019723953,8.0,27.0,27.0,25.0,34.0,27.39199506967508,1.9323924898956126,9.0,28.0,28.0,10.0,100.1,66.24513301605779,29.91825215630314,90.1,10.0,10.0,0.006250419420002056,0.020000000000000018,0.0032295691935754402,0.26305641663835755,0.0070619214350808234,0.2788977020292563,0.2777416372787346,1.0,0.4478852757129469,0.3427022878795146,0.0019919629999314444,0.0019817073170731556,9.377077528138012e-05,0.9646382261987576,1824,2831.0,3997.0,5285.0,22006,90.1,-0.000297457688710966,86.0,29207,20849,8358
56,-53.0,53.0,-0.01090741247264809,22.02331456448738,106.0,-17.12,-6.31,3.352,4.2,3.8131954321663017,0.21986113945183786,0.8480000000000003,3.43,3.454,3.343,4.195,3.806259402352298,0.22105859305394743,0.8520000000000003,3.423,3.447,3.349,4.196,3.8095186679431072,0.22027199559824653,0.8469999999999995,3.427,3.45,25.0,34.0,27.482768052516413,1.9408945795579615,9.0,28.0,28.0,25.0,33.0,27.257521881838073,1.769819245261996,8.0,27.0,27.0,25.0,34.0,27.39305251641138,1.8849160500779838,9.0,27.0,27.0,10.0,100.1,60.630713211159744,26.3204019579631,90.1,10.0,10.0,0.006936029814004414,0.020000000000000018,0.0028972967090233727,0.27266249868410825,0.007098409352242239,0.2803146480244393,0.225246170678337,1.0,0.41774433960627466,0.2668167880413952,0.0020046213986707117,0.0019990066664594655,9.306784150273919e-05,0.9645118450191784,1827,2832.0,3997.0,5282.0,22008,90.1,0.00029741701183849943,86.0,29248,20872,8376
57,-53.0,53.0,-0.011721824532281641,22.161240665163312,106.0,-46.12,-46.12,3.35,4.2,3.779031503959608,0.23059191155498532,0.8500000000000001,3.364,3.364,3.34,4.195,3.772567624580696,0.23144049815924256,0.8550000000000004,3.355,3.355,3.347,4.197,3.77554670263167,0.2307667748182116,0.8500000000000001,3.361,3.36,25.0,34.0,27.517238994363176,1.9458436685500409,9.0,28.0,28.0,25.0,33.0,27.268077601410933,1.7763558586981996,8.0,27.0,27.0,25.0,34.0,27.416779057301934,1.8905174027558342,9.0,27.0,27.0,10.0,100.1,55.44613894940692,27.285887937057623,90.1,10.0,10.0,0.00646387937891207,0.019999999999999574,0.0031729085533644097,0.261450786839252,0.0071811960003883134,0.2833801438026025,0.24916139295224263,1.0,0.43252744793173614,0.2996311037763324,0.0020106163658394445,0.0019947157536159017,0.00010380499144294042,0.964395027569767,1818,2822.0,3984.0,5267.0,21713,90.1,-0.0006987473474598417,86.0,28917,20602,8315
58,-53.0,53.0,-0.018682871276557312,22.49021421145573,106.0,-23.21,-23.21,3.348,4.2,3.873494430406776,0.2649806331883946,0.8520000000000003,3.412,3.413,3.338,4.195,3.8668867575358554,0.26649543682073606,0.8570000000000002,3.404,3.405,3.345,4.197,3.8697622335314423,0.2654293298665951,0.8519999999999999,3.408,3.409,25.0,34.0,27.72390476529414,1.9458491225571861,9.0,28.0,28.0,25.0,33.0,27.38325207302751,1.7791689437833142,8.0,27.0,27.0,25.0,34.0,27.602263425744688,1.8966958862051646,9.0,27.0,27.0,10.0,100.3,65.6497775721556,30.64436134033475,90.3,10.0,10.0,0.0066076728709206466,0.020000000000000018,0.0030947468013804856,0.284631104369941,0.007118109097918273,0.2819102119513468,0.3406526922666287,1.0,0.4739287240905813,0.41292405551272165,0.0020134246808208153,0.002000000000000002,0.00010000253420427615,0.9654160691010988,1817,2818.0,3979.0,5259.0,16505,90.3,0.00031942245893332107,85.0,28099,20752,7347
59,-53.0,53.0,-0.003906825383231596,24.56224546816068,106.0,-9.13,-38.21,3.353,4.2,3.8155726642116985,0.24208984309414902,0.847,3.447,3.385,3.343,4.195,3.8085697525049245,0.24355117672024834,0.8520000000000003,3.44,3.376,3.35,4.197,3.811783249122206,0.24257328185822055,0.847,3.443,3.382,25.0,34.0,28.07039479318318,1.9201124569205121,9.0,28.0,28.0,25.0,33.0,27.703134366703775,1.7682946829229944,8.0,28.0,28.0,25.0,34.0,27.936113727841054,1.8818929328249647,9.0,28.0,28.0,10.0,100.1,59.686511946561616,28.73218148003787,90.1,10.0,10.0,0.007002911706774019,0.020000000000000018,0.0032691344357585173,0.2802727830105514,0.0071276720351391,0.28120906607860935,0.36726042647940393,1.0,0.4820583010607434,0.3773548072230356,0.002020453067751004,0.0020118733509234955,9.544016641461987e-05,0.962879203769974,1815,2815.0,3973.0,5251.0,16270,90.1,-5.7862743135970955e-05,85.0,23354,20490,2864
60,-53.0,53.0,-0.012131840197863291,21.98371297721505,106.0,-25.01,-25.01,3.352,4.2,3.8148793239668852,0.21999049113213376,0.8480000000000003,3.413,3.413,3.342,4.195,3.8079524921850845,0.221234917323994,0.8530000000000002,3.405,3.405,3.348,4.197,3.811220878705644,0.2204010344315413,0.8490000000000002,3.41,3.409,25.0,34.0,27.525540173817458,1.9564033399073137,9.0,28.0,28.0,25.0,33.0,27.285287348424994,1.7805055111823072,8.0,27.0,27.0,25.0,34.0,27.428532169970115,1.9044455600867032,9.0,27.0,27.0,10.0,100.1,60.796035862732296,26.33059797328337,90.1,10.0,10.0,0.006926831781800735,0.020000000000000018,0.002937991470694562,0.27073217214372075,0.00716493950932665,0.2817554382791693,0.24025282539246334,1.0,0.4272369427886613,0.28495686123294933,0.0020349878011549317,0.0020294266869609356,9.713124769144848e-05,0.9642535339126775,1813,2811.0,3967.0,5242.0,21926,90.1,6.430926163469046e-05,85.0,29111,20747,8364
61,-53.0,53.0,-0.01164029225388602,22.11329522795783,106.0,-32.51,-33.26,3.35,4.2,3.778296339900966,0.2315560842589025,0.8500000000000001,3.393,3.392,3.34,4.195,3.771791544028533,0.23240181137109453,0.8550000000000004,3.385,3.383,3.347,4.197,3.774862945392846,0.23169594312487163,0.8500000000000001,3.39,3.388,25.0,34.0,27.558364209287024,1.9584783790072973,9.0,28.0,28.0,25.0,33.0,27.28300841441878,1.7839228401980565,8.0,27.0,27.0,25.0,34.0,27.45046573634821,1.9046025929158907,9.0,27.0,27.0,10.0,100.1,55.293909068873575,27.423665192758154,90.1,10.0,10.0,0.006504795872433264,0.019000000000000128,0.00320715618858095,0.25593334022378245,0.0072290065194122784,0.28438508587683603,0.27535579486824335,1.0,0.4466933860051223,0.3306898900457332,0.002042499126691265,0.002027027027027022,0.00010392425358370298,0.96388476349003,1810,2806.0,3961.0,5234.0,21677,90.1,-0.00031653518784101553,85.0,28879,20554,8325
62,-53.0,53.0,-0.018603043369800516,22.406256550149465,106.0,-8.99,-8.99,3.357,4.2,3.874885285627739,0.26561253819421354,0.843,3.449,3.449,3.348,4.195,3.868222550871316,0.267086775030983,0.8470000000000004,3.442,3.442,3.354,4.197,3.8710966822280026,0.2660284580059397,0.843,3.445,3.445,25.0,34.0,27.75809842842379,1.9564224749090642,9.0,28.0,28.0,25.0,33.0,27.40547378924486,1.792091874592632,8.0,27.0,27.0,25.0,34.0,27.6329425180856,1.9113799443398831,9.0,27.0,27.0,10.0,100.3,65.78059940843163,30.699232913478422,90.3,10.0,10.0,0.00666273475642349,0.020000000000000018,0.0031041122233279946,0.28937157219710774,0.0071836308946244916,0.28334922263339657,0.3526246391789316,1.0,0.4777870896360218,0.43091403066175044,0.0020412987362328017,0.0020291785477789754,9.875397891350537e-05,0.9649540668439776,1811,2806.0,3959.0,5229.0,16398,90.3,0.0005887217613334474,84.0,28061,20612,7449
63,-53.0,53.0,-0.005003003776175614,24.515963618119276,106.0,-35.69,-35.69,3.347,4.2,3.8147995193958115,0.24283231000521174,0.8530000000000002,3.386,3.386,3.337,4.195,3.8077314624098864,0.24430715149731622,0.8580000000000001,3.377,3.377,3.343,4.197,3.8109677737727425,0.24333436561892516,0.8540000000000001,3.382,3.382,25.0,34.0,28.110925163062134,1.925494511333991,9.0,28.0,28.0,25.0,33.0,27.733565053209748,1.7738941258415915,8.0,28.0,28.0,25.0,34.0,27.980818743563336,1.8908422271417924,9.0,28.0,28.0,10.0,100.1,59.5546687263989,28.845575469547345,90.1,10.0,10.0,0.007068056985925176,0.020000000000000018,0.003304726597801041,0.2827029116696698,0.007189099271001519,0.2826156431300466,0.3773601098523859,1.0,0.4847261673817302,0.3851460443270219,0.002051641234223263,0.0020426287744227866,9.524708701757788e-05,0.9625435990901215,1806,2799.0,3949.0,5217.0,16238,90.1,0.00035171918865457385,84.0,23304,20439,2865
64,-53.0,53.0,-0.011017002081886764,22.01739187393263,106.0,-23.69,-23.69,3.351,4.2,3.815193754337266,0.21928767464150853,0.8490000000000002,3.416,3.415,3.342,4.195,3.8080090562109645,0.22059572320499188,0.8530000000000002,3.408,3.407,3.348,4.197,3.8113113462873005,0.21971036066752803,0.8490000000000002,3.412,3.412,25.0,34.0,27.566030534351146,1.9856122304396193,9.0,28.0,28.0,25.0,33.0,27.313393476752257,1.8074699471700073,8.0,27.0,27.0,25.0,34.0,27.46616932685635,1.9371098818697323,9.0,28.0,28.0,10.0,100.1,60.89151283830674,26.153925870639775,90.1,10.0,10.0,0.007184698126301194,0.020000000000000018,0.002981133434377511,0.2865211411233877,0.007244063838069289,0.28361968896259815,0.25263705759888966,1.0,0.43452453869334573,0.2964674970805761,0.002066665360928847,0.0020614035087719172,9.778119586829083e-05,0.9635694809730189,1805,2797.0,3945.0,5211.0,21670,90.1,0.0001399621938526547,84.0,28820,20552,8268
65,-53.0,53.0,-0.009868407418920611,21.99496662104191,106.0,-15.36,-15.36,3.36,4.2,3.7757614754947677,0.23346362059292528,0.8400000000000003,3.434,3.434,3.351,4.195,3.7692178703415875,0.23426747286024036,0.8440000000000003,3.426,3.426,3.357,4.197,3.7722538597036572,0.23361622194142914,0.8399999999999999,3.43,3.43,25.0,34.0,27.57610610299451,1.9563904217374766,9.0,27.0,27.0,25.0,33.0,27.288053051497254,1.7815220839697867,8.0,27.0,27.0,25.0,34.0,27.47373329188685,1.9044116931359643,9.0,27.0,27.0,10.0,100.1,54.76867682105481,27.802794256324997,90.1,10.0,10.0,0.0065436051531793,0.020000000000000018,0.003220262319021955,0.2619313316797245,0.007269210258399186,0.28494536431567463,0.2880530514972542,1.0,0.45285592744312675,0.34246376108983373,0.002073698646177048,0.0020569620253164398,0.00010363394533925916,0.963258392278192,1808,2797.0,3944.0,5208.0,21804,90.1,4.041490079777536e-05,84.0,28953,20627,8326
66,-53.0,53.0,-0.019071458983820323,22.288129884688495,106.0,-11.36,-11.36,3.347,4.201,3.8805696494464947,0.2661221504890489,0.8539999999999996,3.443,3.443,3.338,4.195,3.8738189753051375,0.26765964821764066,0.8570000000000002,3.436,3.436,3.344,4.197,3.876725979279023,0.26651631833697154,0.8530000000000002,3.439,3.439,25.0,34.0,27.77366590973602,1.9912098812087822,9.0,28.0,28.0,25.0,34.0,27.43255038319614,1.8328128744832888,9.0,27.0,27.0,25.0,34.0,27.653633267101903,1.9492275225755806,9.0,28.0,28.0,10.0,100.3,66.41296125461255,30.659777741576136,90.3,10.0,10.0,0.0067506741413567856,0.020000000000000018,0.0031115313624491352,0.29348678043520215,0.007262032870279793,0.28592298239473307,0.3411155265398808,1.0,0.47408408968589183,0.4113676384269223,0.0020687511537684604,0.002057142857142834,0.00010031768365950601,0.9645322571975786,1842,2830.0,3974.0,5235.0,16222,90.3,0.0007874069660590649,83.0,28184,20444,7740
67,-53.0,53.0,-0.0039913166831451585,24.455378896219717,106.0,-15.53,-15.53,3.345,4.201,3.8138322658298582,0.2436199831529248,0.8559999999999994,3.43,3.431,3.335,4.195,3.8067382108928345,0.24505646511756807,0.8600000000000003,3.422,3.423,3.342,4.197,3.8099827623264413,0.24410660509511745,0.855,3.426,3.427,25.0,34.0,28.156170743240338,1.9210174016738524,9.0,28.0,28.0,25.0,34.0,27.771310665004513,1.802019872132377,9.0,28.0,28.0,25.0,34.0,28.021837252289043,1.8943975469163483,9.0,28.0,28.0,10.0,100.1,59.39675020418691,28.968321182513055,90.1,10.0,10.0,0.007094054937024469,0.020000000000000018,0.003309509405316937,0.28392024443107294,0.00724407943123315,0.28356168328454245,0.38486007823582513,1.0,0.4865622246086719,0.3910272125520961,0.0020806129917999585,0.0020719738276990082,9.730394485701449e-05,0.9619886490092147,1800,2786.0,3929.0,5187.0,16214,90.1,0.0008258051946728989,83.0,23263,20395,2868
68,-53.0,53.0,-0.01010294577957063,21.995845323318058,106.0,-53.0,-47.42,3.344,4.201,3.812791047890655,0.21981610790776038,0.8569999999999998,3.344,3.356,3.334,4.195,3.805616839981915,0.22113297847329821,0.8610000000000002,3.334,3.347,3.341,4.197,3.808996522102041,0.22022884314688182,0.8559999999999999,3.341,3.353,25.0,34.0,27.602128473550586,1.9943783348950628,9.0,28.0,28.0,25.0,34.0,27.336243174625256,1.837683511055605,9.0,27.0,27.0,25.0,34.0,27.5002260633673,1.9463846823910989,9.0,28.0,28.0,10.0,100.1,60.61575487775188,26.248308018029558,90.1,10.0,10.0,0.007174207908739906,0.020999999999999908,0.003008135322758349,0.2786427938081991,0.007297117733268204,0.2848909924391496,0.2658852989253295,1.0,0.441803470720543,0.31270151441133365,0.0020925340252881844,0.002087912087912102,9.950005407175191e-05,0.9629182599061359,1796,2781.0,3922.0,5178.0,21634,90.1,0.0003024936517204679,83.0,28753,20470,8283
69,-53.0,53.0,-0.00946636458696385,22.02829954207954,106.0,-12.73,-12.73,3.354,4.201,3.774973335657023,0.23315482947358984,0.8469999999999995,3.439,3.439,3.344,4.195,3.768366608574416,0.23398325781111243,0.8510000000000004,3.432,3.432,3.351,4.197,3.7714325548971765,0.23330959704281448,0.8460000000000001,3.436,3.436,25.0,34.0,27.62589752527013,1.9744601261554442,9.0,27.0,27.0,25.0,33.0,27.316242593238062,1.8009111491936611,8.0,27.0,27.0,25.0,34.0,27.524573021958872,1.9277393542072703,9.0,27.0,27.0,10.0,100.1,54.64968281631231,27.77897087365476,90.1,10.0,10.0,0.006606727082607191,0.020000000000000018,0.003266119910625464,0.2637166779677508,0.007352459016393439,0.28742106045163457,0.3096549320320669,1.0,0.4623513329712405,0.37086482772160595,0.002103603351034314,0.002083333333333335,0.0001061049684407916,0.9626650942965177,1796,2779.0,3918.0,5172.0,21666,90.1,0.0006799049945328203,83.0,28690,20374,8316
70,-53.0,53.0,-0.01862694026961401,22.139167767394927,106.0,-13.11,-13.11,3.353,4.201,3.8872744359579032,0.2665590820561772,0.8479999999999994,3.436,3.437,3.344,4.195,3.880538875787547,0.2680638923640135,0.8510000000000004,3.429,3.429,3.35,4.197,3.8834357115201854,0.2669970042510119,0.847,3.433,3.433,25.0,34.0,27.781633874203653,2.0284420946034025,9.0,28.0,28.0,25.0,34.0,27.4478899017986,1.894897745090422,9.0,28.0,28.0,25.0,34.0,27.667558340079548,1.9925514082274807,9.0,28.0,28.0,10.0,100.3,67.15902643342366,30.598515045161275,90.3,10.0,10.0,0.006735560170356534,0.020000000000000018,0.0030937293506816525,0.29296039020726533,0.007320163554854918,0.28817404967155347,0.3337439724050544,1.0,0.47154950247916566,0.4039115227351101,0.002097422266966468,0.0020852221214868257,9.699416495779636e-05,0.9640135107798881,1797,2779.0,3916.0,5167.0,16136,90.3,0.0013541572170563312,82.0,28411,20299,8112
71,-53.0,53.0,-0.004128768303186707,24.395508915374037,106.0,41.61,41.61,3.345,4.201,3.8133523686477178,0.2444047211898075,0.8559999999999994,3.561,3.564,3.336,4.195,3.806185099052541,0.24587714806360336,0.8590000000000004,3.552,3.555,3.342,4.197,3.80947459086994,0.24490171928882154,0.855,3.557,3.559,25.0,34.0,28.191860465116278,1.920740660999735,9.0,28.0,28.0,25.0,34.0,27.806115417743325,1.8182386770621939,9.0,28.0,28.0,25.0,34.0,28.05960378983635,1.8963847507688412,9.0,28.0,28.0,10.0,100.1,59.29909991386736,29.080010546795393,90.1,10.0,10.1,0.007167269595176585,0.02100000000000035,0.003342019205902959,0.28506648135112317,0.007300898865366667,0.2844904345743893,0.38574504737295434,1.0,0.48677079390632255,0.39147305859816295,0.0021102219780074435,0.0021008403361344463,9.612468958581681e-05,0.9615880672212297,1847,2827.0,3962.0,5212.0,16121,90.1,0.0006063752587132471,82.0,23220,20359,2861
72,-53.0,53.0,-0.00975400696864069,21.957719873520954,106.0,-53.0,-53.0,3.342,4.201,3.8109536236933796,0.22035775751880288,0.8589999999999995,3.342,3.342,3.332,4.195,3.8035965853658538,0.22166432396296204,0.8630000000000004,3.332,3.332,3.338,4.197,3.807005400696864,0.2208099870679561,0.859,3.339,3.338,25.0,34.0,27.631254355400696,1.9970236114381095,9.0,28.0,28.0,25.0,34.0,27.35383275261324,1.8520148967012182,9.0,27.0,27.0,25.0,34.0,27.525923344947735,1.9531954790777744,9.0,28.0,28.0,10.0,100.1,60.370641114982575,26.352338736271616,90.1,10.0,10.0,0.007357038327526144,0.02100000000000035,0.0030389941271992036,0.2889688990362693,0.007355562083822953,0.2864809688930662,0.2774216027874564,1.0,0.4477263194120882,0.3305424990207599,0.0021248745165710226,0.00211813234886671,9.979190711220843e-05,0.9624146216207093,1787,2766.0,3899.0,5146.0,21612,90.1,0.0003135671730474014,82.0,28700,20424,8276
73,-53.0,53.0,-0.010180640644145488,22.004815433136034,106.0,-8.32,-8.32,3.362,4.201,3.77610271311045,0.23403166612033247,0.8389999999999995,3.447,3.448,3.352,4.195,3.769461053737091,0.23483770963369516,0.8430000000000004,3.44,3.44,3.359,4.197,3.7725271486084364,0.23419743116682784,0.8380000000000001,3.443,3.444,25.0,34.0,27.664344477507438,1.9917010986206871,9.0,28.0,28.0,25.0,34.0,27.35291440574129,1.847155148229877,9.0,27.0,27.0,25.0,34.0,27.558235603010676,1.9499098981853482,9.0,27.0,27.0,10.0,100.1,54.72959565902328,27.862405893390342,90.1,10.0,10.0,0.006641659373359012,0.020999999999999908,0.00327880614939291,0.2662278851973754,0.0074262076459547565,0.2897129233651093,0.3114300717661474,1.0,0.4630781598886734,0.3725674207250815,0.002131097825328092,0.002112676056337952,0.00010671197320709854,0.9623065665557559,1789,2766.0,3897.0,5143.0,21506,90.1,0.0006382763737126574,82.0,28565,20246,8319
74,-53.0,53.0,-0.0174082915013866,22.014624776244325,106.0,-53.0,-40.81,3.343,4.201,3.8922487099378666,0.26611531312496356,0.8579999999999997,3.343,3.37,3.333,4.195,3.8854716888405236,0.2678257837366103,0.8620000000000001,3.333,3.36,3.34,4.197,3.888431530171657,0.2666802506734598,0.8570000000000002,3.34,3.366,25.0,34.0,27.7797240846702,2.0609654282770022,9.0,28.0,28.0,25.0,34.0,27.45262751430477,1.9369771645668514,9.0,28.0,28.0,25.0,34.0,27.68080176922807,2.0268022826134087,9.0,28.0,28.0,10.0,100.2,67.72927651209324,30.46241987986676,90.2,10.0,10.0,0.006777021097342782,0.020999999999999908,0.0031863834612719266,0.2888141471280578,0.00738712087255342,0.2888305519436044,0.32709657036542983,1.0,0.46915285784124056,0.40260969171771505,0.0021222933327509283,0.0021137618810590404,9.70168291544306e-05,0.9633855211383718,1784,2759.0,3888.0,5131.0,15924,90.2,0.0012528406764538696,81.0,28487,20079,8408
75,-53.0,53.0,-0.0026610191694699547,24.46410938157385,106.0,-36.24,-36.24,3.342,4.201,3.816708047683507,0.24371097734587,0.8589999999999995,3.38,3.38,3.332,4.195,3.8094837780009607,0.24521590739469004,0.8630000000000004,3.371,3.371,3.339,4.197,3.8128057726736824,0.24422697522235984,0.8580000000000001,3.376,3.377,25.0,34.0,28.239247194445657,1.9485787863377027,9.0,28.0,28.0,25.0,34.0,27.86162176324178,1.8605889284170618,9.0,28.0,28.0,25.0,34.0,28.12366272215187,1.920358629552319,9.0,28.0,28.0,10.0,100.1,59.762154491070255,28.863699717869142,90.1,10.0,10.0,0.007224269682546631,0.020999999999999908,0.0033765745132381822,0.28592213600835426,0.007370602265951105,0.2860630721880515,0.37762543120387754,1.0,0.48479321871491055,0.38252832438878953,0.0021372567625635047,0.0021279877144395627,9.7614164872635e-05,0.9609269472340274,1781,2755.0,3883.0,5123.0,15861,90.1,0.001042772526553352,81.0,22901,20124,2777
76,-53.0,53.0,-0.010119039258374951,21.94141961357356,106.0,-8.69,-8.69,3.362,4.201,3.8095848023035326,0.22036182144685199,0.8389999999999995,3.446,3.447,3.352,4.195,3.802301917269471,0.22164016246276785,0.8430000000000004,3.439,3.44,3.359,4.197,3.8056804902029633,0.22079162236772687,0.8380000000000001,3.442,3.443,25.0,34.0,27.664372498068683,2.016959419897899,9.0,28.0,28.0,25.0,34.0,27.381908841913056,1.8858345410995145,9.0,28.0,28.0,25.0,34.0,27.555376079780885,1.978163784619896,9.0,28.0,28.0,10.0,100.1,60.34152679261183,26.196217652815506,90.1,10.0,10.0,0.007282885034061348,0.02100000000000035,0.0030302399300196656,0.28652926447413707,0.007428592636579573,0.28847687538844435,0.2824636561556289,1.0,0.45019766670521916,0.33506532066508316,0.0021513752680169178,0.002146797117343384,9.878231991240144e-05,0.9620627714514733,1784,2756.0,3882.0,5121.0,21446,90.1,0.00020449914508124156,81.0,28478,20208,8270
77,-53.0,53.0,-0.009822458163408975,21.980443629387572,106.0,-27.5,-27.5,3.341,4.201,3.778566797918717,0.2365739487626613,0.8599999999999994,3.399,3.4,3.331,4.195,3.771905146955421,0.23738184650920433,0.8640000000000003,3.391,3.392,3.338,4.197,3.7749866052594565,0.23673584999722108,0.859,3.396,3.396,25.0,34.0,27.695155393053017,2.020267964173716,9.0,28.0,28.0,25.0,34.0,27.391506117283082,1.8940635474839413,9.0,28.0,28.0,25.0,34.0,27.583251300801575,1.9856383963553852,9.0,28.0,28.0,10.0,100.1,54.7799219519055,28.230596697748677,90.1,10.0,10.0,0.00666165096329631,0.02100000000000035,0.0033063889908577374,0.266116411850672,0.0074873768934659805,0.29112646977281986,0.3036492757699339,1.0,0.45983300566002067,0.35169724541318803,0.002157514085670244,0.0021381578947368258,0.00010753758449619291,0.9617247430006474,1779,2749.0,3873.0,5110.0,21328,90.1,0.0013600540218650955,81.0,28444,20003,8441
78,-53.0,53.0,-0.010768793954485123,24.469285872593776,106.0,-48.44,-45.13,3.342,4.201,3.815762591185078,0.2451593224357373,0.8589999999999995,3.352,3.359,3.332,4.195,3.8084241034377317,0.24668852999176732,0.8630000000000004,3.342,3.349,3.338,4.197,3.8117906783733018,0.2457009731296605,0.859,3.349,3.356,26.0,34.0,28.400602804350676,1.8385813587425703,8.0,28.0,28.0,26.0,34.0,28.015026427292185,1.7834647616674,8.0,28.0,28.0,26.0,34.0,28.28807932555803,1.8192359376037675,8.0,28.0,28.0,10.0,100.1,59.55948106408072,29.070277248269747,90.1,10.0,10.0,0.007338487747346358,0.020999999999999908,0.003398078618506356,0.2900203248342615,0.007457384806973848,0.28931759322403716,0.3855763770584895,1.0,0.4867311727359765,0.39372353673723537,0.002151168968719459,0.0021395348837209426,0.00010186712646729647,0.9616223038716316,1776,2745.0,3867.0,5102.0,15834,90.1,0.0009621857769083781,80.0,22893,20075,2818
79,-53.0,53.0,-0.008979591836734822,22.038497774298605,106.0,-11.85,-11.85,3.356,4.201,3.8772307719609582,0.25392666447699425,0.8449999999999998,3.442,3.442,3.346,4.195,3.8707552085181898,0.2558801674859208,0.8490000000000002,3.435,3.434,3.353,4.197,3.873668429458739,0.2547341258453688,0.8439999999999999,3.438,3.438,25.0,35.0,27.72088731144632,2.105092130353128,10.0,28.0,28.0,25.0,34.0,27.415900621118013,1.9620216338339054,9.0,28.0,28.0,25.0,34.0,27.625377107364685,2.0538349471170854,9.0,28.0,28.0,10.0,100.1,66.37708606921029,29.550301467715624,90.1,10.0,10.0,0.006475563442768422,0.02100000000000035,0.003455509728887528,0.26711047254744075,0.00746185121975705,0.2895809326351053,0.3049866903283052,1.0,0.46040179088584315,0.3725027607669913,0.0021678643859938656,0.0021582733812950134,9.324057671990265e-05,0.9614075385636747,1786,2753.0,3874.0,5106.0,21243,90.1,0.0012722901272397354,80.0,28175,19922,8253
80,-53.0,47.6,-9.022789932236204,18.546198166398252,100.6,-50.0,-48.86,3.733,4.188,3.988329525653437,0.10493014976906836,0.4549999999999996,3.738,3.739,3.714,4.184,3.9819353339787034,0.10695360603306042,0.4700000000000002,3.72,3.721,3.722,4.186,3.984836979670862,0.10595839905581354,0.46399999999999997,3.727,3.728,27.0,28.0,27.067182962245887,0.2503385943672163,1.0,27.0,27.0,26.0,27.0,26.92758954501452,0.2591663191741455,1.0,27.0,27.0,27.0,27.0,27.0,0.0,0.0,27.0,27.0,68.7,99.0,83.49219748305904,8.680363342382215,30.299999999999997,68.7,68.7,0.006394191674733774,0.019000000000000128,0.0032932629682097462,0.2610175890277472,0.006548986839356585,0.26799377117394413,0.13959341723136495,1.0,0.3465647054981725,0.1426780864842281,0.002128518135996743,0.0021256931608133207,9.926155505486422e-05,4.109604075987087,0,2753.0,3874.0,5106.0,5163,30.299999999999997,-0.0007871944641518751,80.0,5165,4787,378
